[error] [2025-03-17T10:42:29.975Z] : × Below file formats are not allowed in Sigma
[info] [2025-03-17T10:42:29.978Z] :  ==> app\._Images
[info] [2025-03-17T10:42:29.979Z] :  ==> app\._translations
[info] [2025-03-17T10:42:29.980Z] : Note - File formats that can be packed are: txt, md, xml, dre, jpg, jpeg, png, gif, css, js, html, json, mp3, svg, woff, ttf, eot, webm, mp4, and woff2
[error] [2025-03-17T10:42:29.986Z] : × Below file formats are not allowed in Sigma
[info] [2025-03-17T10:42:29.987Z] :  ==> app\._Images
[info] [2025-03-17T10:42:29.988Z] :  ==> app\._translations
[info] [2025-03-17T10:42:29.988Z] : Note - File formats that can be packed are: txt, md, xml, dre, jpg, jpeg, png, gif, css, js, html, json, mp3, svg, woff, ttf, eot, webm, mp4, and woff2
[error] [2025-03-17T11:08:28.141Z] : × Below file formats are not allowed in Sigma
[info] [2025-03-17T11:08:28.144Z] :  ==> app\._Images
[info] [2025-03-17T11:08:28.145Z] :  ==> app\._translations
[info] [2025-03-17T11:08:28.145Z] : Note - File formats that can be packed are: txt, md, xml, dre, jpg, jpeg, png, gif, css, js, html, json, mp3, svg, woff, ttf, eot, webm, mp4, and woff2
[error] [2025-03-17T11:08:28.150Z] : × Below file formats are not allowed in Sigma
[info] [2025-03-17T11:08:28.151Z] :  ==> app\._Images
[info] [2025-03-17T11:08:28.152Z] :  ==> app\._translations
[info] [2025-03-17T11:08:28.152Z] : Note - File formats that can be packed are: txt, md, xml, dre, jpg, jpeg, png, gif, css, js, html, json, mp3, svg, woff, ttf, eot, webm, mp4, and woff2
[error] [2025-03-17T13:45:44.143Z] : × Below file formats are not allowed in Sigma
[info] [2025-03-17T13:45:44.155Z] :  ==> app\._Images
[info] [2025-03-17T13:45:44.156Z] :  ==> app\._translations
[info] [2025-03-17T13:45:44.157Z] : Note - File formats that can be packed are: txt, md, xml, dre, jpg, jpeg, png, gif, css, js, html, json, mp3, svg, woff, ttf, eot, webm, mp4, and woff2
[error] [2025-03-17T13:45:44.164Z] : × Below file formats are not allowed in Sigma
[info] [2025-03-17T13:45:44.166Z] :  ==> app\._Images
[info] [2025-03-17T13:45:44.167Z] :  ==> app\._translations
[info] [2025-03-17T13:45:44.169Z] : Note - File formats that can be packed are: txt, md, xml, dre, jpg, jpeg, png, gif, css, js, html, json, mp3, svg, woff, ttf, eot, webm, mp4, and woff2
[error] [2025-03-17T13:47:46.399Z] : × Below file formats are not allowed in Sigma
[info] [2025-03-17T13:47:46.412Z] :  ==> app\._Images
[info] [2025-03-17T13:47:46.413Z] :  ==> app\._translations
[info] [2025-03-17T13:47:46.414Z] : Note - File formats that can be packed are: txt, md, xml, dre, jpg, jpeg, png, gif, css, js, html, json, mp3, svg, woff, ttf, eot, webm, mp4, and woff2
[error] [2025-03-17T13:47:46.422Z] : × Below file formats are not allowed in Sigma
[info] [2025-03-17T13:47:46.424Z] :  ==> app\._Images
[info] [2025-03-17T13:47:46.425Z] :  ==> app\._translations
[info] [2025-03-17T13:47:46.427Z] : Note - File formats that can be packed are: txt, md, xml, dre, jpg, jpeg, png, gif, css, js, html, json, mp3, svg, woff, ttf, eot, webm, mp4, and woff2
[error] [2025-03-17T14:02:41.243Z] : × Below file formats are not allowed in Sigma
[info] [2025-03-17T14:02:41.246Z] :  ==> app\._Images
[info] [2025-03-17T14:02:41.247Z] :  ==> app\._translations
[info] [2025-03-17T14:02:41.247Z] : Note - File formats that can be packed are: txt, md, xml, dre, jpg, jpeg, png, gif, css, js, html, json, mp3, svg, woff, ttf, eot, webm, mp4, and woff2
[error] [2025-03-17T14:02:41.253Z] : × Below file formats are not allowed in Sigma
[info] [2025-03-17T14:02:41.255Z] :  ==> app\._Images
[info] [2025-03-17T14:02:41.256Z] :  ==> app\._translations
[info] [2025-03-17T14:02:41.257Z] : Note - File formats that can be packed are: txt, md, xml, dre, jpg, jpeg, png, gif, css, js, html, json, mp3, svg, woff, ttf, eot, webm, mp4, and woff2
[error] [2025-03-17T14:06:17.592Z] : × Below file formats are not allowed in Sigma
[info] [2025-03-17T14:06:17.595Z] :  ==> app\._Images
[info] [2025-03-17T14:06:17.596Z] :  ==> app\._translations
[info] [2025-03-17T14:06:17.597Z] : Note - File formats that can be packed are: txt, md, xml, dre, jpg, jpeg, png, gif, css, js, html, json, mp3, svg, woff, ttf, eot, webm, mp4, and woff2
[error] [2025-03-17T14:06:17.603Z] : × Below file formats are not allowed in Sigma
[info] [2025-03-17T14:06:17.604Z] :  ==> app\._Images
[info] [2025-03-17T14:06:17.605Z] :  ==> app\._translations
[info] [2025-03-17T14:06:17.606Z] : Note - File formats that can be packed are: txt, md, xml, dre, jpg, jpeg, png, gif, css, js, html, json, mp3, svg, woff, ttf, eot, webm, mp4, and woff2
[error] [2025-03-17T14:11:09.799Z] : × Below file formats are not allowed in Sigma
[info] [2025-03-17T14:11:09.803Z] :  ==> app\._Images
[info] [2025-03-17T14:11:09.804Z] :  ==> app\._translations
[info] [2025-03-17T14:11:09.804Z] : Note - File formats that can be packed are: txt, md, xml, dre, jpg, jpeg, png, gif, css, js, html, json, mp3, svg, woff, ttf, eot, webm, mp4, and woff2
[error] [2025-03-17T14:11:09.810Z] : × Below file formats are not allowed in Sigma
[info] [2025-03-17T14:11:09.811Z] :  ==> app\._Images
[info] [2025-03-17T14:11:09.812Z] :  ==> app\._translations
[info] [2025-03-17T14:11:09.813Z] : Note - File formats that can be packed are: txt, md, xml, dre, jpg, jpeg, png, gif, css, js, html, json, mp3, svg, woff, ttf, eot, webm, mp4, and woff2
[error] [2025-03-17T14:14:06.601Z] : × Below file formats are not allowed in Sigma
[info] [2025-03-17T14:14:06.604Z] :  ==> app\._Images
[info] [2025-03-17T14:14:06.604Z] :  ==> app\._translations
[info] [2025-03-17T14:14:06.605Z] : Note - File formats that can be packed are: txt, md, xml, dre, jpg, jpeg, png, gif, css, js, html, json, mp3, svg, woff, ttf, eot, webm, mp4, and woff2
[error] [2025-03-17T14:14:06.611Z] : × Below file formats are not allowed in Sigma
[info] [2025-03-17T14:14:06.612Z] :  ==> app\._Images
[info] [2025-03-17T14:14:06.614Z] :  ==> app\._translations
[info] [2025-03-17T14:14:06.615Z] : Note - File formats that can be packed are: txt, md, xml, dre, jpg, jpeg, png, gif, css, js, html, json, mp3, svg, woff, ttf, eot, webm, mp4, and woff2
[error] [2025-03-17T14:17:21.635Z] : × Below file formats are not allowed in Sigma
[info] [2025-03-17T14:17:21.650Z] :  ==> app\._Images
[info] [2025-03-17T14:17:21.650Z] :  ==> app\._translations
[info] [2025-03-17T14:17:21.651Z] : Note - File formats that can be packed are: txt, md, xml, dre, jpg, jpeg, png, gif, css, js, html, json, mp3, svg, woff, ttf, eot, webm, mp4, and woff2
[error] [2025-03-17T14:17:21.658Z] : × Below file formats are not allowed in Sigma
[info] [2025-03-17T14:17:21.659Z] :  ==> app\._Images
[info] [2025-03-17T14:17:21.660Z] :  ==> app\._translations
[info] [2025-03-17T14:17:21.661Z] : Note - File formats that can be packed are: txt, md, xml, dre, jpg, jpeg, png, gif, css, js, html, json, mp3, svg, woff, ttf, eot, webm, mp4, and woff2
[error] [2025-03-17T14:22:00.690Z] : × Below file formats are not allowed in Sigma
[info] [2025-03-17T14:22:00.693Z] :  ==> app\._Images
[info] [2025-03-17T14:22:00.694Z] :  ==> app\._translations
[info] [2025-03-17T14:22:00.694Z] : Note - File formats that can be packed are: txt, md, xml, dre, jpg, jpeg, png, gif, css, js, html, json, mp3, svg, woff, ttf, eot, webm, mp4, and woff2
[error] [2025-03-17T14:22:00.701Z] : × Below file formats are not allowed in Sigma
[info] [2025-03-17T14:22:00.702Z] :  ==> app\._Images
[info] [2025-03-17T14:22:00.703Z] :  ==> app\._translations
[info] [2025-03-17T14:22:00.705Z] : Note - File formats that can be packed are: txt, md, xml, dre, jpg, jpeg, png, gif, css, js, html, json, mp3, svg, woff, ttf, eot, webm, mp4, and woff2
[error] [2025-03-17T14:24:09.949Z] : × Below file formats are not allowed in Sigma
[info] [2025-03-17T14:24:09.953Z] :  ==> app\._Images
[info] [2025-03-17T14:24:09.954Z] :  ==> app\._translations
[info] [2025-03-17T14:24:09.955Z] : Note - File formats that can be packed are: txt, md, xml, dre, jpg, jpeg, png, gif, css, js, html, json, mp3, svg, woff, ttf, eot, webm, mp4, and woff2
[error] [2025-03-17T14:24:09.963Z] : × Below file formats are not allowed in Sigma
[info] [2025-03-17T14:24:09.964Z] :  ==> app\._Images
[info] [2025-03-17T14:24:09.965Z] :  ==> app\._translations
[info] [2025-03-17T14:24:09.966Z] : Note - File formats that can be packed are: txt, md, xml, dre, jpg, jpeg, png, gif, css, js, html, json, mp3, svg, woff, ttf, eot, webm, mp4, and woff2
[error] [2025-03-18T03:20:49.355Z] : × Below file formats are not allowed in Sigma
[info] [2025-03-18T03:20:49.359Z] :  ==> app\._Images
[info] [2025-03-18T03:20:49.361Z] :  ==> app\._translations
[info] [2025-03-18T03:20:49.362Z] : Note - File formats that can be packed are: txt, md, xml, dre, jpg, jpeg, png, gif, css, js, html, json, mp3, svg, woff, ttf, eot, webm, mp4, and woff2
[error] [2025-03-18T03:20:49.371Z] : × Below file formats are not allowed in Sigma
[info] [2025-03-18T03:20:49.373Z] :  ==> app\._Images
[info] [2025-03-18T03:20:49.374Z] :  ==> app\._translations
[info] [2025-03-18T03:20:49.376Z] : Note - File formats that can be packed are: txt, md, xml, dre, jpg, jpeg, png, gif, css, js, html, json, mp3, svg, woff, ttf, eot, webm, mp4, and woff2
[error] [2025-03-18T03:45:43.538Z] : × Below file formats are not allowed in Sigma
[info] [2025-03-18T03:45:43.541Z] :  ==> app\._Images
[info] [2025-03-18T03:45:43.542Z] :  ==> app\._translations
[info] [2025-03-18T03:45:43.543Z] : Note - File formats that can be packed are: txt, md, xml, dre, jpg, jpeg, png, gif, css, js, html, json, mp3, svg, woff, ttf, eot, webm, mp4, and woff2
[error] [2025-03-18T03:45:43.550Z] : × Below file formats are not allowed in Sigma
[info] [2025-03-18T03:45:43.551Z] :  ==> app\._Images
[info] [2025-03-18T03:45:43.553Z] :  ==> app\._translations
[info] [2025-03-18T03:45:43.555Z] : Note - File formats that can be packed are: txt, md, xml, dre, jpg, jpeg, png, gif, css, js, html, json, mp3, svg, woff, ttf, eot, webm, mp4, and woff2
[error] [2025-03-18T03:46:56.683Z] : × Below file formats are not allowed in Sigma
[info] [2025-03-18T03:46:56.686Z] :  ==> app\._Images
[info] [2025-03-18T03:46:56.687Z] :  ==> app\._translations
[info] [2025-03-18T03:46:56.688Z] : Note - File formats that can be packed are: txt, md, xml, dre, jpg, jpeg, png, gif, css, js, html, json, mp3, svg, woff, ttf, eot, webm, mp4, and woff2
[error] [2025-03-18T03:46:56.693Z] : × Below file formats are not allowed in Sigma
[info] [2025-03-18T03:46:56.695Z] :  ==> app\._Images
[info] [2025-03-18T03:46:56.696Z] :  ==> app\._translations
[info] [2025-03-18T03:46:56.697Z] : Note - File formats that can be packed are: txt, md, xml, dre, jpg, jpeg, png, gif, css, js, html, json, mp3, svg, woff, ttf, eot, webm, mp4, and woff2
[error] [2025-03-18T03:47:34.855Z] : × Below file formats are not allowed in Sigma
[info] [2025-03-18T03:47:34.858Z] :  ==> app\._Images
[info] [2025-03-18T03:47:34.859Z] :  ==> app\._translations
[info] [2025-03-18T03:47:34.860Z] : Note - File formats that can be packed are: txt, md, xml, dre, jpg, jpeg, png, gif, css, js, html, json, mp3, svg, woff, ttf, eot, webm, mp4, and woff2
[error] [2025-03-18T03:47:34.866Z] : × Below file formats are not allowed in Sigma
[info] [2025-03-18T03:47:34.870Z] :  ==> app\._Images
[info] [2025-03-18T03:47:34.871Z] :  ==> app\._translations
[info] [2025-03-18T03:47:34.871Z] : Note - File formats that can be packed are: txt, md, xml, dre, jpg, jpeg, png, gif, css, js, html, json, mp3, svg, woff, ttf, eot, webm, mp4, and woff2
[error] [2025-03-18T03:52:41.643Z] : × Below file formats are not allowed in Sigma
[info] [2025-03-18T03:52:41.646Z] :  ==> app\._Images
[info] [2025-03-18T03:52:41.647Z] :  ==> app\._translations
[info] [2025-03-18T03:52:41.648Z] : Note - File formats that can be packed are: txt, md, xml, dre, jpg, jpeg, png, gif, css, js, html, json, mp3, svg, woff, ttf, eot, webm, mp4, and woff2
[error] [2025-03-18T03:52:41.654Z] : × Below file formats are not allowed in Sigma
[info] [2025-03-18T03:52:41.656Z] :  ==> app\._Images
[info] [2025-03-18T03:52:41.657Z] :  ==> app\._translations
[info] [2025-03-18T03:52:41.657Z] : Note - File formats that can be packed are: txt, md, xml, dre, jpg, jpeg, png, gif, css, js, html, json, mp3, svg, woff, ttf, eot, webm, mp4, and woff2
[error] [2025-03-18T04:03:41.647Z] : × Below file formats are not allowed in Sigma
[info] [2025-03-18T04:03:41.652Z] :  ==> app\._Images
[info] [2025-03-18T04:03:41.653Z] :  ==> app\._translations
[info] [2025-03-18T04:03:41.654Z] : Note - File formats that can be packed are: txt, md, xml, dre, jpg, jpeg, png, gif, css, js, html, json, mp3, svg, woff, ttf, eot, webm, mp4, and woff2
[error] [2025-03-18T04:03:41.660Z] : × Below file formats are not allowed in Sigma
[info] [2025-03-18T04:03:41.661Z] :  ==> app\._Images
[info] [2025-03-18T04:03:41.662Z] :  ==> app\._translations
[info] [2025-03-18T04:03:41.663Z] : Note - File formats that can be packed are: txt, md, xml, dre, jpg, jpeg, png, gif, css, js, html, json, mp3, svg, woff, ttf, eot, webm, mp4, and woff2
[error] [2025-03-18T04:41:55.511Z] : × Below file formats are not allowed in Sigma
[info] [2025-03-18T04:41:55.515Z] :  ==> app\._Images
[info] [2025-03-18T04:41:55.515Z] :  ==> app\._translations
[info] [2025-03-18T04:41:55.516Z] : Note - File formats that can be packed are: txt, md, xml, dre, jpg, jpeg, png, gif, css, js, html, json, mp3, svg, woff, ttf, eot, webm, mp4, and woff2
[error] [2025-03-18T04:41:55.523Z] : × Below file formats are not allowed in Sigma
[info] [2025-03-18T04:41:55.524Z] :  ==> app\._Images
[info] [2025-03-18T04:41:55.525Z] :  ==> app\._translations
[info] [2025-03-18T04:41:55.526Z] : Note - File formats that can be packed are: txt, md, xml, dre, jpg, jpeg, png, gif, css, js, html, json, mp3, svg, woff, ttf, eot, webm, mp4, and woff2
[error] [2025-03-18T04:45:13.391Z] : × Below file formats are not allowed in Sigma
[info] [2025-03-18T04:45:13.395Z] :  ==> app\._Images
[info] [2025-03-18T04:45:13.396Z] :  ==> app\._translations
[info] [2025-03-18T04:45:13.397Z] : Note - File formats that can be packed are: txt, md, xml, dre, jpg, jpeg, png, gif, css, js, html, json, mp3, svg, woff, ttf, eot, webm, mp4, and woff2
[error] [2025-03-18T04:45:13.403Z] : × Below file formats are not allowed in Sigma
[info] [2025-03-18T04:45:13.404Z] :  ==> app\._Images
[info] [2025-03-18T04:45:13.404Z] :  ==> app\._translations
[info] [2025-03-18T04:45:13.405Z] : Note - File formats that can be packed are: txt, md, xml, dre, jpg, jpeg, png, gif, css, js, html, json, mp3, svg, woff, ttf, eot, webm, mp4, and woff2
[error] [2025-03-18T04:55:11.464Z] : × Below file formats are not allowed in Sigma
[info] [2025-03-18T04:55:11.467Z] :  ==> app\._Images
[info] [2025-03-18T04:55:11.468Z] :  ==> app\._translations
[info] [2025-03-18T04:55:11.468Z] : Note - File formats that can be packed are: txt, md, xml, dre, jpg, jpeg, png, gif, css, js, html, json, mp3, svg, woff, ttf, eot, webm, mp4, and woff2
[error] [2025-03-18T04:55:11.473Z] : × Below file formats are not allowed in Sigma
[info] [2025-03-18T04:55:11.473Z] :  ==> app\._Images
[info] [2025-03-18T04:55:11.474Z] :  ==> app\._translations
[info] [2025-03-18T04:55:11.475Z] : Note - File formats that can be packed are: txt, md, xml, dre, jpg, jpeg, png, gif, css, js, html, json, mp3, svg, woff, ttf, eot, webm, mp4, and woff2
[error] [2025-03-18T04:59:03.348Z] : × Below file formats are not allowed in Sigma
[info] [2025-03-18T04:59:03.353Z] :  ==> app\._Images
[info] [2025-03-18T04:59:03.354Z] :  ==> app\._translations
[info] [2025-03-18T04:59:03.355Z] : Note - File formats that can be packed are: txt, md, xml, dre, jpg, jpeg, png, gif, css, js, html, json, mp3, svg, woff, ttf, eot, webm, mp4, and woff2
[error] [2025-03-18T04:59:03.364Z] : × Below file formats are not allowed in Sigma
[info] [2025-03-18T04:59:03.365Z] :  ==> app\._Images
[info] [2025-03-18T04:59:03.367Z] :  ==> app\._translations
[info] [2025-03-18T04:59:03.368Z] : Note - File formats that can be packed are: txt, md, xml, dre, jpg, jpeg, png, gif, css, js, html, json, mp3, svg, woff, ttf, eot, webm, mp4, and woff2
[error] [2025-03-18T05:03:19.943Z] : × Below file formats are not allowed in Sigma
[info] [2025-03-18T05:03:19.946Z] :  ==> app\._Images
[info] [2025-03-18T05:03:19.947Z] :  ==> app\._translations
[info] [2025-03-18T05:03:19.948Z] : Note - File formats that can be packed are: txt, md, xml, dre, jpg, jpeg, png, gif, css, js, html, json, mp3, svg, woff, ttf, eot, webm, mp4, and woff2
[error] [2025-03-18T05:03:19.956Z] : × Below file formats are not allowed in Sigma
[info] [2025-03-18T05:03:19.957Z] :  ==> app\._Images
[info] [2025-03-18T05:03:19.958Z] :  ==> app\._translations
[info] [2025-03-18T05:03:19.958Z] : Note - File formats that can be packed are: txt, md, xml, dre, jpg, jpeg, png, gif, css, js, html, json, mp3, svg, woff, ttf, eot, webm, mp4, and woff2
[error] [2025-03-18T07:27:54.592Z] : × Below file formats are not allowed in Sigma
[info] [2025-03-18T07:27:54.595Z] :  ==> app\._Images
[info] [2025-03-18T07:27:54.596Z] :  ==> app\._translations
[info] [2025-03-18T07:27:54.597Z] : Note - File formats that can be packed are: txt, md, xml, dre, jpg, jpeg, png, gif, css, js, html, json, mp3, svg, woff, ttf, eot, webm, mp4, and woff2
[error] [2025-03-18T07:27:54.603Z] : × Below file formats are not allowed in Sigma
[info] [2025-03-18T07:27:54.605Z] :  ==> app\._Images
[info] [2025-03-18T07:27:54.605Z] :  ==> app\._translations
[info] [2025-03-18T07:27:54.606Z] : Note - File formats that can be packed are: txt, md, xml, dre, jpg, jpeg, png, gif, css, js, html, json, mp3, svg, woff, ttf, eot, webm, mp4, and woff2
[error] [2025-03-18T07:40:26.427Z] : × Below file formats are not allowed in Sigma
[info] [2025-03-18T07:40:26.430Z] :  ==> app\._Images
[info] [2025-03-18T07:40:26.430Z] :  ==> app\._translations
[info] [2025-03-18T07:40:26.431Z] : Note - File formats that can be packed are: txt, md, xml, dre, jpg, jpeg, png, gif, css, js, html, json, mp3, svg, woff, ttf, eot, webm, mp4, and woff2
[error] [2025-03-18T07:40:26.438Z] : × Below file formats are not allowed in Sigma
[info] [2025-03-18T07:40:26.440Z] :  ==> app\._Images
[info] [2025-03-18T07:40:26.442Z] :  ==> app\._translations
[info] [2025-03-18T07:40:26.443Z] : Note - File formats that can be packed are: txt, md, xml, dre, jpg, jpeg, png, gif, css, js, html, json, mp3, svg, woff, ttf, eot, webm, mp4, and woff2
[error] [2025-03-18T13:09:48.604Z] : × Below file formats are not allowed in Sigma
[info] [2025-03-18T13:09:48.610Z] :  ==> app\._Images
[info] [2025-03-18T13:09:48.611Z] :  ==> app\._translations
[info] [2025-03-18T13:09:48.612Z] : Note - File formats that can be packed are: txt, md, xml, dre, jpg, jpeg, png, gif, css, js, html, json, mp3, svg, woff, ttf, eot, webm, mp4, and woff2
[error] [2025-03-18T13:09:48.620Z] : × Below file formats are not allowed in Sigma
[info] [2025-03-18T13:09:48.622Z] :  ==> app\._Images
[info] [2025-03-18T13:09:48.624Z] :  ==> app\._translations
[info] [2025-03-18T13:09:48.627Z] : Note - File formats that can be packed are: txt, md, xml, dre, jpg, jpeg, png, gif, css, js, html, json, mp3, svg, woff, ttf, eot, webm, mp4, and woff2
[error] [2025-03-19T06:07:33.911Z] : × Below file formats are not allowed in Sigma
[info] [2025-03-19T06:07:33.915Z] :  ==> app\._Images
[info] [2025-03-19T06:07:33.916Z] :  ==> app\._translations
[info] [2025-03-19T06:07:33.916Z] : Note - File formats that can be packed are: txt, md, xml, dre, jpg, jpeg, png, gif, css, js, html, json, mp3, svg, woff, ttf, eot, webm, mp4, and woff2
[error] [2025-03-19T06:07:33.921Z] : × Below file formats are not allowed in Sigma
[info] [2025-03-19T06:07:33.922Z] :  ==> app\._Images
[info] [2025-03-19T06:07:33.923Z] :  ==> app\._translations
[info] [2025-03-19T06:07:33.924Z] : Note - File formats that can be packed are: txt, md, xml, dre, jpg, jpeg, png, gif, css, js, html, json, mp3, svg, woff, ttf, eot, webm, mp4, and woff2
[error] [2025-03-19T06:13:04.310Z] : × Below file formats are not allowed in Sigma
[info] [2025-03-19T06:13:04.313Z] :  ==> app\._Images
[info] [2025-03-19T06:13:04.314Z] :  ==> app\._translations
[info] [2025-03-19T06:13:04.315Z] : Note - File formats that can be packed are: txt, md, xml, dre, jpg, jpeg, png, gif, css, js, html, json, mp3, svg, woff, ttf, eot, webm, mp4, and woff2
[error] [2025-03-19T06:13:04.321Z] : × Below file formats are not allowed in Sigma
[info] [2025-03-19T06:13:04.322Z] :  ==> app\._Images
[info] [2025-03-19T06:13:04.323Z] :  ==> app\._translations
[info] [2025-03-19T06:13:04.324Z] : Note - File formats that can be packed are: txt, md, xml, dre, jpg, jpeg, png, gif, css, js, html, json, mp3, svg, woff, ttf, eot, webm, mp4, and woff2
[error] [2025-03-19T06:13:09.127Z] : × Below file formats are not allowed in Sigma
[info] [2025-03-19T06:13:09.130Z] :  ==> app\._Images
[info] [2025-03-19T06:13:09.131Z] :  ==> app\._translations
[info] [2025-03-19T06:13:09.131Z] : Note - File formats that can be packed are: txt, md, xml, dre, jpg, jpeg, png, gif, css, js, html, json, mp3, svg, woff, ttf, eot, webm, mp4, and woff2
[error] [2025-03-19T06:13:09.137Z] : × Below file formats are not allowed in Sigma
[info] [2025-03-19T06:13:09.139Z] :  ==> app\._Images
[info] [2025-03-19T06:13:09.140Z] :  ==> app\._translations
[info] [2025-03-19T06:13:09.141Z] : Note - File formats that can be packed are: txt, md, xml, dre, jpg, jpeg, png, gif, css, js, html, json, mp3, svg, woff, ttf, eot, webm, mp4, and woff2
[error] [2025-03-19T06:20:37.686Z] : × Below file formats are not allowed in Sigma
[info] [2025-03-19T06:20:37.694Z] :  ==> app\._Images
[info] [2025-03-19T06:20:37.696Z] :  ==> app\._translations
[info] [2025-03-19T06:20:37.697Z] : Note - File formats that can be packed are: txt, md, xml, dre, jpg, jpeg, png, gif, css, js, html, json, mp3, svg, woff, ttf, eot, webm, mp4, and woff2
[error] [2025-03-19T06:20:37.703Z] : × Below file formats are not allowed in Sigma
[info] [2025-03-19T06:20:37.704Z] :  ==> app\._Images
[info] [2025-03-19T06:20:37.705Z] :  ==> app\._translations
[info] [2025-03-19T06:20:37.706Z] : Note - File formats that can be packed are: txt, md, xml, dre, jpg, jpeg, png, gif, css, js, html, json, mp3, svg, woff, ttf, eot, webm, mp4, and woff2
[error] [2025-03-20T07:58:13.368Z] : × Below file formats are not allowed in Sigma
[info] [2025-03-20T07:58:13.371Z] :  ==> app\._Images
[info] [2025-03-20T07:58:13.372Z] :  ==> app\._translations
[info] [2025-03-20T07:58:13.372Z] : Note - File formats that can be packed are: txt, md, xml, dre, jpg, jpeg, png, gif, css, js, html, json, mp3, svg, woff, ttf, eot, webm, mp4, and woff2
[error] [2025-03-20T07:58:13.380Z] : × Below file formats are not allowed in Sigma
[info] [2025-03-20T07:58:13.381Z] :  ==> app\._Images
[info] [2025-03-20T07:58:13.382Z] :  ==> app\._translations
[info] [2025-03-20T07:58:13.383Z] : Note - File formats that can be packed are: txt, md, xml, dre, jpg, jpeg, png, gif, css, js, html, json, mp3, svg, woff, ttf, eot, webm, mp4, and woff2
[error] [2025-03-20T10:31:17.068Z] : × Below file formats are not allowed in Sigma
[info] [2025-03-20T10:31:17.072Z] :  ==> app\._Images
[info] [2025-03-20T10:31:17.073Z] :  ==> app\._translations
[info] [2025-03-20T10:31:17.074Z] : Note - File formats that can be packed are: txt, md, xml, dre, jpg, jpeg, png, gif, css, js, html, json, mp3, svg, woff, ttf, eot, webm, mp4, and woff2
[error] [2025-03-20T10:31:17.079Z] : × Below file formats are not allowed in Sigma
[info] [2025-03-20T10:31:17.080Z] :  ==> app\._Images
[info] [2025-03-20T10:31:17.081Z] :  ==> app\._translations
[info] [2025-03-20T10:31:17.081Z] : Note - File formats that can be packed are: txt, md, xml, dre, jpg, jpeg, png, gif, css, js, html, json, mp3, svg, woff, ttf, eot, webm, mp4, and woff2
[error] [2025-03-20T10:43:27.248Z] : × Below file formats are not allowed in Sigma
[info] [2025-03-20T10:43:27.252Z] :  ==> app\._Images
[info] [2025-03-20T10:43:27.252Z] :  ==> app\._translations
[info] [2025-03-20T10:43:27.253Z] : Note - File formats that can be packed are: txt, md, xml, dre, jpg, jpeg, png, gif, css, js, html, json, mp3, svg, woff, ttf, eot, webm, mp4, and woff2
[error] [2025-03-20T10:43:27.258Z] : × Below file formats are not allowed in Sigma
[info] [2025-03-20T10:43:27.259Z] :  ==> app\._Images
[info] [2025-03-20T10:43:27.260Z] :  ==> app\._translations
[info] [2025-03-20T10:43:27.261Z] : Note - File formats that can be packed are: txt, md, xml, dre, jpg, jpeg, png, gif, css, js, html, json, mp3, svg, woff, ttf, eot, webm, mp4, and woff2
[error] [2025-03-20T10:59:49.128Z] : × Below file formats are not allowed in Sigma
[info] [2025-03-20T10:59:49.131Z] :  ==> app\._Images
[info] [2025-03-20T10:59:49.132Z] :  ==> app\._translations
[info] [2025-03-20T10:59:49.132Z] : Note - File formats that can be packed are: txt, md, xml, dre, jpg, jpeg, png, gif, css, js, html, json, mp3, svg, woff, ttf, eot, webm, mp4, and woff2
[error] [2025-03-20T10:59:49.137Z] : × Below file formats are not allowed in Sigma
[info] [2025-03-20T10:59:49.138Z] :  ==> app\._Images
[info] [2025-03-20T10:59:49.138Z] :  ==> app\._translations
[info] [2025-03-20T10:59:49.139Z] : Note - File formats that can be packed are: txt, md, xml, dre, jpg, jpeg, png, gif, css, js, html, json, mp3, svg, woff, ttf, eot, webm, mp4, and woff2
[error] [2025-03-20T12:09:36.764Z] : × Below file formats are not allowed in Sigma
[info] [2025-03-20T12:09:36.770Z] :  ==> app\._Images
[info] [2025-03-20T12:09:36.770Z] :  ==> app\._translations
[info] [2025-03-20T12:09:36.771Z] : Note - File formats that can be packed are: txt, md, xml, dre, jpg, jpeg, png, gif, css, js, html, json, mp3, svg, woff, ttf, eot, webm, mp4, and woff2
[error] [2025-03-20T12:09:36.776Z] : × Below file formats are not allowed in Sigma
[info] [2025-03-20T12:09:36.778Z] :  ==> app\._Images
[info] [2025-03-20T12:09:36.778Z] :  ==> app\._translations
[info] [2025-03-20T12:09:36.779Z] : Note - File formats that can be packed are: txt, md, xml, dre, jpg, jpeg, png, gif, css, js, html, json, mp3, svg, woff, ttf, eot, webm, mp4, and woff2
[error] [2025-03-20T12:20:12.971Z] : × Below file formats are not allowed in Sigma
[info] [2025-03-20T12:20:12.974Z] :  ==> app\._Images
[info] [2025-03-20T12:20:12.975Z] :  ==> app\._translations
[info] [2025-03-20T12:20:12.976Z] : Note - File formats that can be packed are: txt, md, xml, dre, jpg, jpeg, png, gif, css, js, html, json, mp3, svg, woff, ttf, eot, webm, mp4, and woff2
[error] [2025-03-20T12:20:12.980Z] : × Below file formats are not allowed in Sigma
[info] [2025-03-20T12:20:12.981Z] :  ==> app\._Images
[info] [2025-03-20T12:20:12.981Z] :  ==> app\._translations
[info] [2025-03-20T12:20:12.982Z] : Note - File formats that can be packed are: txt, md, xml, dre, jpg, jpeg, png, gif, css, js, html, json, mp3, svg, woff, ttf, eot, webm, mp4, and woff2
[error] [2025-03-24T07:34:27.496Z] : × Below file formats are not allowed in Sigma
[info] [2025-03-24T07:34:27.499Z] :  ==> app\._Images
[info] [2025-03-24T07:34:27.500Z] :  ==> app\._translations
[info] [2025-03-24T07:34:27.500Z] : Note - File formats that can be packed are: txt, md, xml, dre, jpg, jpeg, png, gif, css, js, html, json, mp3, svg, woff, ttf, eot, webm, mp4, and woff2
[error] [2025-03-24T07:34:27.505Z] : × Below file formats are not allowed in Sigma
[info] [2025-03-24T07:34:27.507Z] :  ==> app\._Images
[info] [2025-03-24T07:34:27.508Z] :  ==> app\._translations
[info] [2025-03-24T07:34:27.509Z] : Note - File formats that can be packed are: txt, md, xml, dre, jpg, jpeg, png, gif, css, js, html, json, mp3, svg, woff, ttf, eot, webm, mp4, and woff2
[error] [2025-03-24T08:03:00.243Z] : × Below file formats are not allowed in Sigma
[info] [2025-03-24T08:03:00.247Z] :  ==> app\._Images
[info] [2025-03-24T08:03:00.248Z] :  ==> app\._translations
[info] [2025-03-24T08:03:00.249Z] : Note - File formats that can be packed are: txt, md, xml, dre, jpg, jpeg, png, gif, css, js, html, json, mp3, svg, woff, ttf, eot, webm, mp4, and woff2
[error] [2025-03-24T08:03:00.258Z] : × Below file formats are not allowed in Sigma
[info] [2025-03-24T08:03:00.259Z] :  ==> app\._Images
[info] [2025-03-24T08:03:00.261Z] :  ==> app\._translations
[info] [2025-03-24T08:03:00.262Z] : Note - File formats that can be packed are: txt, md, xml, dre, jpg, jpeg, png, gif, css, js, html, json, mp3, svg, woff, ttf, eot, webm, mp4, and woff2
[error] [2025-03-24T08:08:32.201Z] : × Below file formats are not allowed in Sigma
[info] [2025-03-24T08:08:32.207Z] :  ==> app\._Images
[info] [2025-03-24T08:08:32.208Z] :  ==> app\._translations
[info] [2025-03-24T08:08:32.209Z] : Note - File formats that can be packed are: txt, md, xml, dre, jpg, jpeg, png, gif, css, js, html, json, mp3, svg, woff, ttf, eot, webm, mp4, and woff2
[error] [2025-03-24T08:08:32.218Z] : × Below file formats are not allowed in Sigma
[info] [2025-03-24T08:08:32.219Z] :  ==> app\._Images
[info] [2025-03-24T08:08:32.221Z] :  ==> app\._translations
[info] [2025-03-24T08:08:32.222Z] : Note - File formats that can be packed are: txt, md, xml, dre, jpg, jpeg, png, gif, css, js, html, json, mp3, svg, woff, ttf, eot, webm, mp4, and woff2
[error] [2025-03-24T08:15:16.328Z] : × Below file formats are not allowed in Sigma
[info] [2025-03-24T08:15:16.331Z] :  ==> app\._Images
[info] [2025-03-24T08:15:16.332Z] :  ==> app\._translations
[info] [2025-03-24T08:15:16.333Z] : Note - File formats that can be packed are: txt, md, xml, dre, jpg, jpeg, png, gif, css, js, html, json, mp3, svg, woff, ttf, eot, webm, mp4, and woff2
[error] [2025-03-24T08:15:16.344Z] : × Below file formats are not allowed in Sigma
[info] [2025-03-24T08:15:16.346Z] :  ==> app\._Images
[info] [2025-03-24T08:15:16.347Z] :  ==> app\._translations
[info] [2025-03-24T08:15:16.348Z] : Note - File formats that can be packed are: txt, md, xml, dre, jpg, jpeg, png, gif, css, js, html, json, mp3, svg, woff, ttf, eot, webm, mp4, and woff2
[error] [2025-03-24T08:21:38.034Z] : × Below file formats are not allowed in Sigma
[info] [2025-03-24T08:21:38.039Z] :  ==> app\._Images
[info] [2025-03-24T08:21:38.040Z] :  ==> app\._translations
[info] [2025-03-24T08:21:38.041Z] : Note - File formats that can be packed are: txt, md, xml, dre, jpg, jpeg, png, gif, css, js, html, json, mp3, svg, woff, ttf, eot, webm, mp4, and woff2
[error] [2025-03-24T08:21:38.050Z] : × Below file formats are not allowed in Sigma
[info] [2025-03-24T08:21:38.052Z] :  ==> app\._Images
[info] [2025-03-24T08:21:38.053Z] :  ==> app\._translations
[info] [2025-03-24T08:21:38.054Z] : Note - File formats that can be packed are: txt, md, xml, dre, jpg, jpeg, png, gif, css, js, html, json, mp3, svg, woff, ttf, eot, webm, mp4, and woff2
[error] [2025-03-24T08:23:29.453Z] : × Below file formats are not allowed in Sigma
[info] [2025-03-24T08:23:29.456Z] :  ==> app\._Images
[info] [2025-03-24T08:23:29.457Z] :  ==> app\._translations
[info] [2025-03-24T08:23:29.458Z] : Note - File formats that can be packed are: txt, md, xml, dre, jpg, jpeg, png, gif, css, js, html, json, mp3, svg, woff, ttf, eot, webm, mp4, and woff2
[error] [2025-03-24T08:23:29.464Z] : × Below file formats are not allowed in Sigma
[info] [2025-03-24T08:23:29.465Z] :  ==> app\._Images
[info] [2025-03-24T08:23:29.466Z] :  ==> app\._translations
[info] [2025-03-24T08:23:29.467Z] : Note - File formats that can be packed are: txt, md, xml, dre, jpg, jpeg, png, gif, css, js, html, json, mp3, svg, woff, ttf, eot, webm, mp4, and woff2
[error] [2025-03-24T11:49:09.919Z] : × Below file formats are not allowed in Sigma
[info] [2025-03-24T11:49:09.923Z] :  ==> app\._Images
[info] [2025-03-24T11:49:09.923Z] :  ==> app\._translations
[info] [2025-03-24T11:49:09.924Z] : Note - File formats that can be packed are: txt, md, xml, dre, jpg, jpeg, png, gif, css, js, html, json, mp3, svg, woff, ttf, eot, webm, mp4, and woff2
[error] [2025-03-24T11:49:09.929Z] : × Below file formats are not allowed in Sigma
[info] [2025-03-24T11:49:09.930Z] :  ==> app\._Images
[info] [2025-03-24T11:49:09.931Z] :  ==> app\._translations
[info] [2025-03-24T11:49:09.932Z] : Note - File formats that can be packed are: txt, md, xml, dre, jpg, jpeg, png, gif, css, js, html, json, mp3, svg, woff, ttf, eot, webm, mp4, and woff2
[error] [2025-03-24T11:56:18.964Z] : × Below file formats are not allowed in Sigma
[info] [2025-03-24T11:56:18.966Z] :  ==> app\._Images
[info] [2025-03-24T11:56:18.967Z] :  ==> app\._translations
[info] [2025-03-24T11:56:18.968Z] : Note - File formats that can be packed are: txt, md, xml, dre, jpg, jpeg, png, gif, css, js, html, json, mp3, svg, woff, ttf, eot, webm, mp4, and woff2
[error] [2025-03-24T11:56:18.974Z] : × Below file formats are not allowed in Sigma
[info] [2025-03-24T11:56:18.975Z] :  ==> app\._Images
[info] [2025-03-24T11:56:18.976Z] :  ==> app\._translations
[info] [2025-03-24T11:56:18.977Z] : Note - File formats that can be packed are: txt, md, xml, dre, jpg, jpeg, png, gif, css, js, html, json, mp3, svg, woff, ttf, eot, webm, mp4, and woff2
[error] [2025-03-24T12:00:15.415Z] : × Below file formats are not allowed in Sigma
[info] [2025-03-24T12:00:15.418Z] :  ==> app\._Images
[info] [2025-03-24T12:00:15.421Z] :  ==> app\._translations
[info] [2025-03-24T12:00:15.422Z] : Note - File formats that can be packed are: txt, md, xml, dre, jpg, jpeg, png, gif, css, js, html, json, mp3, svg, woff, ttf, eot, webm, mp4, and woff2
[error] [2025-03-24T12:00:15.427Z] : × Below file formats are not allowed in Sigma
[info] [2025-03-24T12:00:15.428Z] :  ==> app\._Images
[info] [2025-03-24T12:00:15.429Z] :  ==> app\._translations
[info] [2025-03-24T12:00:15.430Z] : Note - File formats that can be packed are: txt, md, xml, dre, jpg, jpeg, png, gif, css, js, html, json, mp3, svg, woff, ttf, eot, webm, mp4, and woff2
[error] [2025-03-24T13:17:20.064Z] : × Below file formats are not allowed in Sigma
[info] [2025-03-24T13:17:20.067Z] :  ==> app\._Images
[info] [2025-03-24T13:17:20.067Z] :  ==> app\._translations
[info] [2025-03-24T13:17:20.068Z] : Note - File formats that can be packed are: txt, md, xml, dre, jpg, jpeg, png, gif, css, js, html, json, mp3, svg, woff, ttf, eot, webm, mp4, and woff2
[error] [2025-03-24T13:17:20.073Z] : × Below file formats are not allowed in Sigma
[info] [2025-03-24T13:17:20.074Z] :  ==> app\._Images
[info] [2025-03-24T13:17:20.075Z] :  ==> app\._translations
[info] [2025-03-24T13:17:20.076Z] : Note - File formats that can be packed are: txt, md, xml, dre, jpg, jpeg, png, gif, css, js, html, json, mp3, svg, woff, ttf, eot, webm, mp4, and woff2
[error] [2025-04-07T12:47:32.285Z] : × Below file formats are not allowed in Sigma
[info] [2025-04-07T12:47:32.291Z] :  ==> app\._Images
[info] [2025-04-07T12:47:32.292Z] :  ==> app\._translations
[info] [2025-04-07T12:47:32.293Z] : Note - File formats that can be packed are: txt, md, xml, dre, jpg, jpeg, png, gif, css, js, html, json, mp3, svg, woff, ttf, eot, webm, mp4, and woff2
[error] [2025-04-07T12:47:32.298Z] : × Below file formats are not allowed in Sigma
[info] [2025-04-07T12:47:32.299Z] :  ==> app\._Images
[info] [2025-04-07T12:47:32.300Z] :  ==> app\._translations
[info] [2025-04-07T12:47:32.300Z] : Note - File formats that can be packed are: txt, md, xml, dre, jpg, jpeg, png, gif, css, js, html, json, mp3, svg, woff, ttf, eot, webm, mp4, and woff2
[error] [2025-04-08T10:03:00.238Z] : × Below file formats are not allowed in Sigma
[info] [2025-04-08T10:03:00.242Z] :  ==> app\._Images
[info] [2025-04-08T10:03:00.243Z] :  ==> app\._translations
[info] [2025-04-08T10:03:00.244Z] : Note - File formats that can be packed are: txt, md, xml, dre, jpg, jpeg, png, gif, css, js, html, json, mp3, svg, woff, ttf, eot, webm, mp4, and woff2
[error] [2025-04-08T10:03:00.252Z] : × Below file formats are not allowed in Sigma
[info] [2025-04-08T10:03:00.254Z] :  ==> app\._Images
[info] [2025-04-08T10:03:00.255Z] :  ==> app\._translations
[info] [2025-04-08T10:03:00.256Z] : Note - File formats that can be packed are: txt, md, xml, dre, jpg, jpeg, png, gif, css, js, html, json, mp3, svg, woff, ttf, eot, webm, mp4, and woff2
[error] [2025-04-08T11:56:47.079Z] : × Below file formats are not allowed in Sigma
[info] [2025-04-08T11:56:47.082Z] :  ==> app\._Images
[info] [2025-04-08T11:56:47.083Z] :  ==> app\._translations
[info] [2025-04-08T11:56:47.084Z] : Note - File formats that can be packed are: txt, md, xml, dre, jpg, jpeg, png, gif, css, js, html, json, mp3, svg, woff, ttf, eot, webm, mp4, and woff2
[error] [2025-04-08T11:56:47.090Z] : × Below file formats are not allowed in Sigma
[info] [2025-04-08T11:56:47.091Z] :  ==> app\._Images
[info] [2025-04-08T11:56:47.092Z] :  ==> app\._translations
[info] [2025-04-08T11:56:47.093Z] : Note - File formats that can be packed are: txt, md, xml, dre, jpg, jpeg, png, gif, css, js, html, json, mp3, svg, woff, ttf, eot, webm, mp4, and woff2
[error] [2025-04-08T12:11:28.594Z] : × Below file formats are not allowed in Sigma
[info] [2025-04-08T12:11:28.601Z] :  ==> app\._Images
[info] [2025-04-08T12:11:28.603Z] :  ==> app\._translations
[info] [2025-04-08T12:11:28.604Z] : Note - File formats that can be packed are: txt, md, xml, dre, jpg, jpeg, png, gif, css, js, html, json, mp3, svg, woff, ttf, eot, webm, mp4, and woff2
[error] [2025-04-08T12:11:28.620Z] : × Below file formats are not allowed in Sigma
[info] [2025-04-08T12:11:28.622Z] :  ==> app\._Images
[info] [2025-04-08T12:11:28.625Z] :  ==> app\._translations
[info] [2025-04-08T12:11:28.626Z] : Note - File formats that can be packed are: txt, md, xml, dre, jpg, jpeg, png, gif, css, js, html, json, mp3, svg, woff, ttf, eot, webm, mp4, and woff2
[error] [2025-04-08T12:26:34.291Z] : × Below file formats are not allowed in Sigma
[info] [2025-04-08T12:26:34.299Z] :  ==> app\._Images
[info] [2025-04-08T12:26:34.300Z] :  ==> app\._translations
[info] [2025-04-08T12:26:34.303Z] : Note - File formats that can be packed are: txt, md, xml, dre, jpg, jpeg, png, gif, css, js, html, json, mp3, svg, woff, ttf, eot, webm, mp4, and woff2
[error] [2025-04-08T12:26:34.315Z] : × Below file formats are not allowed in Sigma
[info] [2025-04-08T12:26:34.318Z] :  ==> app\._Images
[info] [2025-04-08T12:26:34.320Z] :  ==> app\._translations
[info] [2025-04-08T12:26:34.324Z] : Note - File formats that can be packed are: txt, md, xml, dre, jpg, jpeg, png, gif, css, js, html, json, mp3, svg, woff, ttf, eot, webm, mp4, and woff2
[error] [2025-04-08T12:34:54.517Z] : × Below file formats are not allowed in Sigma
[info] [2025-04-08T12:34:54.520Z] :  ==> app\._Images
[info] [2025-04-08T12:34:54.520Z] :  ==> app\._translations
[info] [2025-04-08T12:34:54.521Z] : Note - File formats that can be packed are: txt, md, xml, dre, jpg, jpeg, png, gif, css, js, html, json, mp3, svg, woff, ttf, eot, webm, mp4, and woff2
[error] [2025-04-08T12:34:54.525Z] : × Below file formats are not allowed in Sigma
[info] [2025-04-08T12:34:54.526Z] :  ==> app\._Images
[info] [2025-04-08T12:34:54.527Z] :  ==> app\._translations
[info] [2025-04-08T12:34:54.527Z] : Note - File formats that can be packed are: txt, md, xml, dre, jpg, jpeg, png, gif, css, js, html, json, mp3, svg, woff, ttf, eot, webm, mp4, and woff2
[error] [2025-04-08T12:35:55.382Z] : × Below file formats are not allowed in Sigma
[info] [2025-04-08T12:35:55.386Z] :  ==> app\._Images
[info] [2025-04-08T12:35:55.387Z] :  ==> app\._translations
[info] [2025-04-08T12:35:55.388Z] : Note - File formats that can be packed are: txt, md, xml, dre, jpg, jpeg, png, gif, css, js, html, json, mp3, svg, woff, ttf, eot, webm, mp4, and woff2
[error] [2025-04-08T12:35:55.392Z] : × Below file formats are not allowed in Sigma
[info] [2025-04-08T12:35:55.393Z] :  ==> app\._Images
[info] [2025-04-08T12:35:55.394Z] :  ==> app\._translations
[info] [2025-04-08T12:35:55.394Z] : Note - File formats that can be packed are: txt, md, xml, dre, jpg, jpeg, png, gif, css, js, html, json, mp3, svg, woff, ttf, eot, webm, mp4, and woff2
[error] [2025-04-08T12:37:20.786Z] : × Below file formats are not allowed in Sigma
[info] [2025-04-08T12:37:20.789Z] :  ==> app\._Images
[info] [2025-04-08T12:37:20.790Z] :  ==> app\._translations
[info] [2025-04-08T12:37:20.791Z] : Note - File formats that can be packed are: txt, md, xml, dre, jpg, jpeg, png, gif, css, js, html, json, mp3, svg, woff, ttf, eot, webm, mp4, and woff2
[error] [2025-04-08T12:37:20.796Z] : × Below file formats are not allowed in Sigma
[info] [2025-04-08T12:37:20.797Z] :  ==> app\._Images
[info] [2025-04-08T12:37:20.797Z] :  ==> app\._translations
[info] [2025-04-08T12:37:20.798Z] : Note - File formats that can be packed are: txt, md, xml, dre, jpg, jpeg, png, gif, css, js, html, json, mp3, svg, woff, ttf, eot, webm, mp4, and woff2
[error] [2025-04-08T12:38:35.774Z] : × Below file formats are not allowed in Sigma
[info] [2025-04-08T12:38:35.782Z] :  ==> app\._Images
[info] [2025-04-08T12:38:35.784Z] :  ==> app\._translations
[info] [2025-04-08T12:38:35.786Z] : Note - File formats that can be packed are: txt, md, xml, dre, jpg, jpeg, png, gif, css, js, html, json, mp3, svg, woff, ttf, eot, webm, mp4, and woff2
[error] [2025-04-08T12:38:35.799Z] : × Below file formats are not allowed in Sigma
[info] [2025-04-08T12:38:35.802Z] :  ==> app\._Images
[info] [2025-04-08T12:38:35.805Z] :  ==> app\._translations
[info] [2025-04-08T12:38:35.806Z] : Note - File formats that can be packed are: txt, md, xml, dre, jpg, jpeg, png, gif, css, js, html, json, mp3, svg, woff, ttf, eot, webm, mp4, and woff2
[error] [2025-04-08T12:39:56.233Z] : × Below file formats are not allowed in Sigma
[info] [2025-04-08T12:39:56.237Z] :  ==> app\._Images
[info] [2025-04-08T12:39:56.237Z] :  ==> app\._translations
[info] [2025-04-08T12:39:56.238Z] : Note - File formats that can be packed are: txt, md, xml, dre, jpg, jpeg, png, gif, css, js, html, json, mp3, svg, woff, ttf, eot, webm, mp4, and woff2
[error] [2025-04-08T12:39:56.244Z] : × Below file formats are not allowed in Sigma
[info] [2025-04-08T12:39:56.245Z] :  ==> app\._Images
[info] [2025-04-08T12:39:56.245Z] :  ==> app\._translations
[info] [2025-04-08T12:39:56.246Z] : Note - File formats that can be packed are: txt, md, xml, dre, jpg, jpeg, png, gif, css, js, html, json, mp3, svg, woff, ttf, eot, webm, mp4, and woff2
[error] [2025-04-08T12:44:16.620Z] : × Below file formats are not allowed in Sigma
[info] [2025-04-08T12:44:16.646Z] :  ==> app\._Images
[info] [2025-04-08T12:44:16.648Z] :  ==> app\._translations
[info] [2025-04-08T12:44:16.649Z] : Note - File formats that can be packed are: txt, md, xml, dre, jpg, jpeg, png, gif, css, js, html, json, mp3, svg, woff, ttf, eot, webm, mp4, and woff2
[error] [2025-04-08T12:44:16.661Z] : × Below file formats are not allowed in Sigma
[info] [2025-04-08T12:44:16.662Z] :  ==> app\._Images
[info] [2025-04-08T12:44:16.664Z] :  ==> app\._translations
[info] [2025-04-08T12:44:16.666Z] : Note - File formats that can be packed are: txt, md, xml, dre, jpg, jpeg, png, gif, css, js, html, json, mp3, svg, woff, ttf, eot, webm, mp4, and woff2
[error] [2025-04-08T12:45:21.696Z] : × Below file formats are not allowed in Sigma
[info] [2025-04-08T12:45:21.703Z] :  ==> app\._Images
[info] [2025-04-08T12:45:21.703Z] :  ==> app\._translations
[info] [2025-04-08T12:45:21.704Z] : Note - File formats that can be packed are: txt, md, xml, dre, jpg, jpeg, png, gif, css, js, html, json, mp3, svg, woff, ttf, eot, webm, mp4, and woff2
[error] [2025-04-08T12:45:21.709Z] : × Below file formats are not allowed in Sigma
[info] [2025-04-08T12:45:21.710Z] :  ==> app\._Images
[info] [2025-04-08T12:45:21.710Z] :  ==> app\._translations
[info] [2025-04-08T12:45:21.711Z] : Note - File formats that can be packed are: txt, md, xml, dre, jpg, jpeg, png, gif, css, js, html, json, mp3, svg, woff, ttf, eot, webm, mp4, and woff2
[error] [2025-04-08T12:46:27.183Z] : × Below file formats are not allowed in Sigma
[info] [2025-04-08T12:46:27.186Z] :  ==> app\._Images
[info] [2025-04-08T12:46:27.187Z] :  ==> app\._translations
[info] [2025-04-08T12:46:27.188Z] : Note - File formats that can be packed are: txt, md, xml, dre, jpg, jpeg, png, gif, css, js, html, json, mp3, svg, woff, ttf, eot, webm, mp4, and woff2
[error] [2025-04-08T12:46:27.195Z] : × Below file formats are not allowed in Sigma
[info] [2025-04-08T12:46:27.196Z] :  ==> app\._Images
[info] [2025-04-08T12:46:27.196Z] :  ==> app\._translations
[info] [2025-04-08T12:46:27.197Z] : Note - File formats that can be packed are: txt, md, xml, dre, jpg, jpeg, png, gif, css, js, html, json, mp3, svg, woff, ttf, eot, webm, mp4, and woff2
[error] [2025-04-08T12:50:01.969Z] : × Below file formats are not allowed in Sigma
[info] [2025-04-08T12:50:01.973Z] :  ==> app\._Images
[info] [2025-04-08T12:50:01.973Z] :  ==> app\._translations
[info] [2025-04-08T12:50:01.974Z] : Note - File formats that can be packed are: txt, md, xml, dre, jpg, jpeg, png, gif, css, js, html, json, mp3, svg, woff, ttf, eot, webm, mp4, and woff2
[error] [2025-04-08T12:50:01.978Z] : × Below file formats are not allowed in Sigma
[info] [2025-04-08T12:50:01.979Z] :  ==> app\._Images
[info] [2025-04-08T12:50:01.979Z] :  ==> app\._translations
[info] [2025-04-08T12:50:01.980Z] : Note - File formats that can be packed are: txt, md, xml, dre, jpg, jpeg, png, gif, css, js, html, json, mp3, svg, woff, ttf, eot, webm, mp4, and woff2
[error] [2025-04-08T12:54:10.616Z] : × Below file formats are not allowed in Sigma
[info] [2025-04-08T12:54:10.620Z] :  ==> app\._Images
[info] [2025-04-08T12:54:10.620Z] :  ==> app\._translations
[info] [2025-04-08T12:54:10.621Z] : Note - File formats that can be packed are: txt, md, xml, dre, jpg, jpeg, png, gif, css, js, html, json, mp3, svg, woff, ttf, eot, webm, mp4, and woff2
[error] [2025-04-08T12:54:10.626Z] : × Below file formats are not allowed in Sigma
[info] [2025-04-08T12:54:10.627Z] :  ==> app\._Images
[info] [2025-04-08T12:54:10.627Z] :  ==> app\._translations
[info] [2025-04-08T12:54:10.628Z] : Note - File formats that can be packed are: txt, md, xml, dre, jpg, jpeg, png, gif, css, js, html, json, mp3, svg, woff, ttf, eot, webm, mp4, and woff2
[error] [2025-04-08T12:56:44.621Z] : × Below file formats are not allowed in Sigma
[info] [2025-04-08T12:56:44.624Z] :  ==> app\._Images
[info] [2025-04-08T12:56:44.624Z] :  ==> app\._translations
[info] [2025-04-08T12:56:44.625Z] : Note - File formats that can be packed are: txt, md, xml, dre, jpg, jpeg, png, gif, css, js, html, json, mp3, svg, woff, ttf, eot, webm, mp4, and woff2
[error] [2025-04-08T12:56:44.629Z] : × Below file formats are not allowed in Sigma
[info] [2025-04-08T12:56:44.630Z] :  ==> app\._Images
[info] [2025-04-08T12:56:44.632Z] :  ==> app\._translations
[info] [2025-04-08T12:56:44.633Z] : Note - File formats that can be packed are: txt, md, xml, dre, jpg, jpeg, png, gif, css, js, html, json, mp3, svg, woff, ttf, eot, webm, mp4, and woff2
[error] [2025-04-08T13:18:28.655Z] : × Below file formats are not allowed in Sigma
[info] [2025-04-08T13:18:28.658Z] :  ==> app\._Images
[info] [2025-04-08T13:18:28.659Z] :  ==> app\._translations
[info] [2025-04-08T13:18:28.659Z] : Note - File formats that can be packed are: txt, md, xml, dre, jpg, jpeg, png, gif, css, js, html, json, mp3, svg, woff, ttf, eot, webm, mp4, and woff2
[error] [2025-04-08T13:18:28.664Z] : × Below file formats are not allowed in Sigma
[info] [2025-04-08T13:18:28.665Z] :  ==> app\._Images
[info] [2025-04-08T13:18:28.666Z] :  ==> app\._translations
[info] [2025-04-08T13:18:28.667Z] : Note - File formats that can be packed are: txt, md, xml, dre, jpg, jpeg, png, gif, css, js, html, json, mp3, svg, woff, ttf, eot, webm, mp4, and woff2
[error] [2025-04-09T10:47:38.290Z] : × Below file formats are not allowed in Sigma
[info] [2025-04-09T10:47:38.295Z] :  ==> app\._Images
[info] [2025-04-09T10:47:38.295Z] :  ==> app\._translations
[info] [2025-04-09T10:47:38.297Z] : Note - File formats that can be packed are: txt, md, xml, dre, jpg, jpeg, png, gif, css, js, html, json, mp3, svg, woff, ttf, eot, webm, mp4, and woff2
[error] [2025-04-09T10:47:38.303Z] : × Below file formats are not allowed in Sigma
[info] [2025-04-09T10:47:38.304Z] :  ==> app\._Images
[info] [2025-04-09T10:47:38.305Z] :  ==> app\._translations
[info] [2025-04-09T10:47:38.306Z] : Note - File formats that can be packed are: txt, md, xml, dre, jpg, jpeg, png, gif, css, js, html, json, mp3, svg, woff, ttf, eot, webm, mp4, and woff2
[error] [2025-04-09T11:18:50.222Z] : × Below file formats are not allowed in Sigma
[info] [2025-04-09T11:18:50.227Z] :  ==> app\._Images
[info] [2025-04-09T11:18:50.228Z] :  ==> app\._translations
[info] [2025-04-09T11:18:50.230Z] : Note - File formats that can be packed are: txt, md, xml, dre, jpg, jpeg, png, gif, css, js, html, json, mp3, svg, woff, ttf, eot, webm, mp4, and woff2
[error] [2025-04-09T11:18:50.237Z] : × Below file formats are not allowed in Sigma
[info] [2025-04-09T11:18:50.238Z] :  ==> app\._Images
[info] [2025-04-09T11:18:50.243Z] :  ==> app\._translations
[info] [2025-04-09T11:18:50.244Z] : Note - File formats that can be packed are: txt, md, xml, dre, jpg, jpeg, png, gif, css, js, html, json, mp3, svg, woff, ttf, eot, webm, mp4, and woff2
[error] [2025-04-09T11:43:36.111Z] : × Below file formats are not allowed in Sigma
[info] [2025-04-09T11:43:36.136Z] :  ==> app\._Images
[info] [2025-04-09T11:43:36.137Z] :  ==> app\._translations
[info] [2025-04-09T11:43:36.138Z] : Note - File formats that can be packed are: txt, md, xml, dre, jpg, jpeg, png, gif, css, js, html, json, mp3, svg, woff, ttf, eot, webm, mp4, and woff2
[error] [2025-04-09T11:43:36.147Z] : × Below file formats are not allowed in Sigma
[info] [2025-04-09T11:43:36.150Z] :  ==> app\._Images
[info] [2025-04-09T11:43:36.152Z] :  ==> app\._translations
[info] [2025-04-09T11:43:36.154Z] : Note - File formats that can be packed are: txt, md, xml, dre, jpg, jpeg, png, gif, css, js, html, json, mp3, svg, woff, ttf, eot, webm, mp4, and woff2
[error] [2025-04-09T11:48:19.337Z] : × Below file formats are not allowed in Sigma
[info] [2025-04-09T11:48:19.352Z] :  ==> app\._Images
[info] [2025-04-09T11:48:19.352Z] :  ==> app\._translations
[info] [2025-04-09T11:48:19.353Z] : Note - File formats that can be packed are: txt, md, xml, dre, jpg, jpeg, png, gif, css, js, html, json, mp3, svg, woff, ttf, eot, webm, mp4, and woff2
[error] [2025-04-09T11:48:19.358Z] : × Below file formats are not allowed in Sigma
[info] [2025-04-09T11:48:19.359Z] :  ==> app\._Images
[info] [2025-04-09T11:48:19.360Z] :  ==> app\._translations
[info] [2025-04-09T11:48:19.361Z] : Note - File formats that can be packed are: txt, md, xml, dre, jpg, jpeg, png, gif, css, js, html, json, mp3, svg, woff, ttf, eot, webm, mp4, and woff2
[error] [2025-04-09T11:50:26.268Z] : × Below file formats are not allowed in Sigma
[info] [2025-04-09T11:50:26.270Z] :  ==> app\._Images
[info] [2025-04-09T11:50:26.271Z] :  ==> app\._translations
[info] [2025-04-09T11:50:26.272Z] : Note - File formats that can be packed are: txt, md, xml, dre, jpg, jpeg, png, gif, css, js, html, json, mp3, svg, woff, ttf, eot, webm, mp4, and woff2
[error] [2025-04-09T11:50:26.275Z] : × Below file formats are not allowed in Sigma
[info] [2025-04-09T11:50:26.276Z] :  ==> app\._Images
[info] [2025-04-09T11:50:26.277Z] :  ==> app\._translations
[info] [2025-04-09T11:50:26.278Z] : Note - File formats that can be packed are: txt, md, xml, dre, jpg, jpeg, png, gif, css, js, html, json, mp3, svg, woff, ttf, eot, webm, mp4, and woff2
[error] [2025-04-09T12:03:40.873Z] : × Below file formats are not allowed in Sigma
[info] [2025-04-09T12:03:40.883Z] :  ==> app\._Images
[info] [2025-04-09T12:03:40.884Z] :  ==> app\._translations
[info] [2025-04-09T12:03:40.886Z] : Note - File formats that can be packed are: txt, md, xml, dre, jpg, jpeg, png, gif, css, js, html, json, mp3, svg, woff, ttf, eot, webm, mp4, and woff2
[error] [2025-04-09T12:03:40.892Z] : × Below file formats are not allowed in Sigma
[info] [2025-04-09T12:03:40.893Z] :  ==> app\._Images
[info] [2025-04-09T12:03:40.894Z] :  ==> app\._translations
[info] [2025-04-09T12:03:40.895Z] : Note - File formats that can be packed are: txt, md, xml, dre, jpg, jpeg, png, gif, css, js, html, json, mp3, svg, woff, ttf, eot, webm, mp4, and woff2
[error] [2025-04-09T12:11:02.005Z] : × Below file formats are not allowed in Sigma
[info] [2025-04-09T12:11:02.008Z] :  ==> app\._Images
[info] [2025-04-09T12:11:02.008Z] :  ==> app\._translations
[info] [2025-04-09T12:11:02.009Z] : Note - File formats that can be packed are: txt, md, xml, dre, jpg, jpeg, png, gif, css, js, html, json, mp3, svg, woff, ttf, eot, webm, mp4, and woff2
[error] [2025-04-09T12:11:02.013Z] : × Below file formats are not allowed in Sigma
[info] [2025-04-09T12:11:02.014Z] :  ==> app\._Images
[info] [2025-04-09T12:11:02.015Z] :  ==> app\._translations
[info] [2025-04-09T12:11:02.016Z] : Note - File formats that can be packed are: txt, md, xml, dre, jpg, jpeg, png, gif, css, js, html, json, mp3, svg, woff, ttf, eot, webm, mp4, and woff2
[error] [2025-04-09T12:14:23.923Z] : × Below file formats are not allowed in Sigma
[info] [2025-04-09T12:14:23.926Z] :  ==> app\._Images
[info] [2025-04-09T12:14:23.926Z] :  ==> app\._translations
[info] [2025-04-09T12:14:23.927Z] : Note - File formats that can be packed are: txt, md, xml, dre, jpg, jpeg, png, gif, css, js, html, json, mp3, svg, woff, ttf, eot, webm, mp4, and woff2
[error] [2025-04-09T12:14:23.931Z] : × Below file formats are not allowed in Sigma
[info] [2025-04-09T12:14:23.932Z] :  ==> app\._Images
[info] [2025-04-09T12:14:23.932Z] :  ==> app\._translations
[info] [2025-04-09T12:14:23.933Z] : Note - File formats that can be packed are: txt, md, xml, dre, jpg, jpeg, png, gif, css, js, html, json, mp3, svg, woff, ttf, eot, webm, mp4, and woff2
[error] [2025-04-09T12:20:07.482Z] : × Below file formats are not allowed in Sigma
[info] [2025-04-09T12:20:07.485Z] :  ==> app\._Images
[info] [2025-04-09T12:20:07.486Z] :  ==> app\._translations
[info] [2025-04-09T12:20:07.487Z] : Note - File formats that can be packed are: txt, md, xml, dre, jpg, jpeg, png, gif, css, js, html, json, mp3, svg, woff, ttf, eot, webm, mp4, and woff2
[error] [2025-04-09T12:20:07.492Z] : × Below file formats are not allowed in Sigma
[info] [2025-04-09T12:20:07.493Z] :  ==> app\._Images
[info] [2025-04-09T12:20:07.494Z] :  ==> app\._translations
[info] [2025-04-09T12:20:07.494Z] : Note - File formats that can be packed are: txt, md, xml, dre, jpg, jpeg, png, gif, css, js, html, json, mp3, svg, woff, ttf, eot, webm, mp4, and woff2
[error] [2025-04-09T12:25:54.054Z] : × Below file formats are not allowed in Sigma
[info] [2025-04-09T12:25:54.058Z] :  ==> app\._Images
[info] [2025-04-09T12:25:54.058Z] :  ==> app\._translations
[info] [2025-04-09T12:25:54.059Z] : Note - File formats that can be packed are: txt, md, xml, dre, jpg, jpeg, png, gif, css, js, html, json, mp3, svg, woff, ttf, eot, webm, mp4, and woff2
[error] [2025-04-09T12:25:54.063Z] : × Below file formats are not allowed in Sigma
[info] [2025-04-09T12:25:54.063Z] :  ==> app\._Images
[info] [2025-04-09T12:25:54.064Z] :  ==> app\._translations
[info] [2025-04-09T12:25:54.065Z] : Note - File formats that can be packed are: txt, md, xml, dre, jpg, jpeg, png, gif, css, js, html, json, mp3, svg, woff, ttf, eot, webm, mp4, and woff2
[error] [2025-04-09T12:27:56.673Z] : × Below file formats are not allowed in Sigma
[info] [2025-04-09T12:27:56.676Z] :  ==> app\._Images
[info] [2025-04-09T12:27:56.676Z] :  ==> app\._translations
[info] [2025-04-09T12:27:56.677Z] : Note - File formats that can be packed are: txt, md, xml, dre, jpg, jpeg, png, gif, css, js, html, json, mp3, svg, woff, ttf, eot, webm, mp4, and woff2
[error] [2025-04-09T12:27:56.681Z] : × Below file formats are not allowed in Sigma
[info] [2025-04-09T12:27:56.683Z] :  ==> app\._Images
[info] [2025-04-09T12:27:56.683Z] :  ==> app\._translations
[info] [2025-04-09T12:27:56.684Z] : Note - File formats that can be packed are: txt, md, xml, dre, jpg, jpeg, png, gif, css, js, html, json, mp3, svg, woff, ttf, eot, webm, mp4, and woff2
[error] [2025-04-09T12:41:40.812Z] : × Below file formats are not allowed in Sigma
[info] [2025-04-09T12:41:40.814Z] :  ==> app\._Images
[info] [2025-04-09T12:41:40.815Z] :  ==> app\._translations
[info] [2025-04-09T12:41:40.816Z] : Note - File formats that can be packed are: txt, md, xml, dre, jpg, jpeg, png, gif, css, js, html, json, mp3, svg, woff, ttf, eot, webm, mp4, and woff2
[error] [2025-04-09T12:41:40.822Z] : × Below file formats are not allowed in Sigma
[info] [2025-04-09T12:41:40.823Z] :  ==> app\._Images
[info] [2025-04-09T12:41:40.824Z] :  ==> app\._translations
[info] [2025-04-09T12:41:40.824Z] : Note - File formats that can be packed are: txt, md, xml, dre, jpg, jpeg, png, gif, css, js, html, json, mp3, svg, woff, ttf, eot, webm, mp4, and woff2
[error] [2025-04-09T12:45:59.612Z] : × Below file formats are not allowed in Sigma
[info] [2025-04-09T12:45:59.615Z] :  ==> app\._Images
[info] [2025-04-09T12:45:59.616Z] :  ==> app\._translations
[info] [2025-04-09T12:45:59.617Z] : Note - File formats that can be packed are: txt, md, xml, dre, jpg, jpeg, png, gif, css, js, html, json, mp3, svg, woff, ttf, eot, webm, mp4, and woff2
[error] [2025-04-09T12:45:59.622Z] : × Below file formats are not allowed in Sigma
[info] [2025-04-09T12:45:59.623Z] :  ==> app\._Images
[info] [2025-04-09T12:45:59.624Z] :  ==> app\._translations
[info] [2025-04-09T12:45:59.624Z] : Note - File formats that can be packed are: txt, md, xml, dre, jpg, jpeg, png, gif, css, js, html, json, mp3, svg, woff, ttf, eot, webm, mp4, and woff2
[error] [2025-04-09T12:49:03.874Z] : × Below file formats are not allowed in Sigma
[info] [2025-04-09T12:49:03.877Z] :  ==> app\._Images
[info] [2025-04-09T12:49:03.877Z] :  ==> app\._translations
[info] [2025-04-09T12:49:03.878Z] : Note - File formats that can be packed are: txt, md, xml, dre, jpg, jpeg, png, gif, css, js, html, json, mp3, svg, woff, ttf, eot, webm, mp4, and woff2
[error] [2025-04-09T12:49:03.883Z] : × Below file formats are not allowed in Sigma
[info] [2025-04-09T12:49:03.884Z] :  ==> app\._Images
[info] [2025-04-09T12:49:03.885Z] :  ==> app\._translations
[info] [2025-04-09T12:49:03.885Z] : Note - File formats that can be packed are: txt, md, xml, dre, jpg, jpeg, png, gif, css, js, html, json, mp3, svg, woff, ttf, eot, webm, mp4, and woff2
[error] [2025-04-09T13:02:24.005Z] : × Below file formats are not allowed in Sigma
[info] [2025-04-09T13:02:24.009Z] :  ==> app\._Images
[info] [2025-04-09T13:02:24.009Z] :  ==> app\._translations
[info] [2025-04-09T13:02:24.010Z] : Note - File formats that can be packed are: txt, md, xml, dre, jpg, jpeg, png, gif, css, js, html, json, mp3, svg, woff, ttf, eot, webm, mp4, and woff2
[error] [2025-04-09T13:02:24.015Z] : × Below file formats are not allowed in Sigma
[info] [2025-04-09T13:02:24.016Z] :  ==> app\._Images
[info] [2025-04-09T13:02:24.017Z] :  ==> app\._translations
[info] [2025-04-09T13:02:24.018Z] : Note - File formats that can be packed are: txt, md, xml, dre, jpg, jpeg, png, gif, css, js, html, json, mp3, svg, woff, ttf, eot, webm, mp4, and woff2
[error] [2025-04-09T13:56:46.072Z] : × Below file formats are not allowed in Sigma
[info] [2025-04-09T13:56:46.076Z] :  ==> app\._Images
[info] [2025-04-09T13:56:46.077Z] :  ==> app\._translations
[info] [2025-04-09T13:56:46.078Z] : Note - File formats that can be packed are: txt, md, xml, dre, jpg, jpeg, png, gif, css, js, html, json, mp3, svg, woff, ttf, eot, webm, mp4, and woff2
[error] [2025-04-09T13:56:46.082Z] : × Below file formats are not allowed in Sigma
[info] [2025-04-09T13:56:46.083Z] :  ==> app\._Images
[info] [2025-04-09T13:56:46.084Z] :  ==> app\._translations
[info] [2025-04-09T13:56:46.085Z] : Note - File formats that can be packed are: txt, md, xml, dre, jpg, jpeg, png, gif, css, js, html, json, mp3, svg, woff, ttf, eot, webm, mp4, and woff2
[error] [2025-04-09T14:05:31.814Z] : × Below file formats are not allowed in Sigma
[info] [2025-04-09T14:05:31.818Z] :  ==> app\._Images
[info] [2025-04-09T14:05:31.818Z] :  ==> app\._translations
[info] [2025-04-09T14:05:31.819Z] : Note - File formats that can be packed are: txt, md, xml, dre, jpg, jpeg, png, gif, css, js, html, json, mp3, svg, woff, ttf, eot, webm, mp4, and woff2
[error] [2025-04-09T14:05:31.824Z] : × Below file formats are not allowed in Sigma
[info] [2025-04-09T14:05:31.825Z] :  ==> app\._Images
[info] [2025-04-09T14:05:31.826Z] :  ==> app\._translations
[info] [2025-04-09T14:05:31.827Z] : Note - File formats that can be packed are: txt, md, xml, dre, jpg, jpeg, png, gif, css, js, html, json, mp3, svg, woff, ttf, eot, webm, mp4, and woff2
[error] [2025-04-09T14:09:11.291Z] : × Below file formats are not allowed in Sigma
[info] [2025-04-09T14:09:11.294Z] :  ==> app\._Images
[info] [2025-04-09T14:09:11.294Z] :  ==> app\._translations
[info] [2025-04-09T14:09:11.295Z] : Note - File formats that can be packed are: txt, md, xml, dre, jpg, jpeg, png, gif, css, js, html, json, mp3, svg, woff, ttf, eot, webm, mp4, and woff2
[error] [2025-04-09T14:09:11.300Z] : × Below file formats are not allowed in Sigma
[info] [2025-04-09T14:09:11.301Z] :  ==> app\._Images
[info] [2025-04-09T14:09:11.302Z] :  ==> app\._translations
[info] [2025-04-09T14:09:11.303Z] : Note - File formats that can be packed are: txt, md, xml, dre, jpg, jpeg, png, gif, css, js, html, json, mp3, svg, woff, ttf, eot, webm, mp4, and woff2
[error] [2025-04-10T06:33:46.006Z] : × Below file formats are not allowed in Sigma
[info] [2025-04-10T06:33:46.009Z] :  ==> app\._Images
[info] [2025-04-10T06:33:46.010Z] :  ==> app\._translations
[info] [2025-04-10T06:33:46.010Z] : Note - File formats that can be packed are: txt, md, xml, dre, jpg, jpeg, png, gif, css, js, html, json, mp3, svg, woff, ttf, eot, webm, mp4, and woff2
[error] [2025-04-10T06:33:46.015Z] : × Below file formats are not allowed in Sigma
[info] [2025-04-10T06:33:46.016Z] :  ==> app\._Images
[info] [2025-04-10T06:33:46.016Z] :  ==> app\._translations
[info] [2025-04-10T06:33:46.017Z] : Note - File formats that can be packed are: txt, md, xml, dre, jpg, jpeg, png, gif, css, js, html, json, mp3, svg, woff, ttf, eot, webm, mp4, and woff2
[error] [2025-04-10T06:42:49.723Z] : × Below file formats are not allowed in Sigma
[info] [2025-04-10T06:42:49.726Z] :  ==> app\._Images
[info] [2025-04-10T06:42:49.726Z] :  ==> app\._translations
[info] [2025-04-10T06:42:49.727Z] : Note - File formats that can be packed are: txt, md, xml, dre, jpg, jpeg, png, gif, css, js, html, json, mp3, svg, woff, ttf, eot, webm, mp4, and woff2
[error] [2025-04-10T06:42:49.732Z] : × Below file formats are not allowed in Sigma
[info] [2025-04-10T06:42:49.733Z] :  ==> app\._Images
[info] [2025-04-10T06:42:49.734Z] :  ==> app\._translations
[info] [2025-04-10T06:42:49.735Z] : Note - File formats that can be packed are: txt, md, xml, dre, jpg, jpeg, png, gif, css, js, html, json, mp3, svg, woff, ttf, eot, webm, mp4, and woff2
[error] [2025-04-10T07:30:09.469Z] : × Below file formats are not allowed in Sigma
[info] [2025-04-10T07:30:09.474Z] :  ==> app\._Images
[info] [2025-04-10T07:30:09.475Z] :  ==> app\._translations
[info] [2025-04-10T07:30:09.477Z] : Note - File formats that can be packed are: txt, md, xml, dre, jpg, jpeg, png, gif, css, js, html, json, mp3, svg, woff, ttf, eot, webm, mp4, and woff2
[error] [2025-04-10T07:30:09.486Z] : × Below file formats are not allowed in Sigma
[info] [2025-04-10T07:30:09.487Z] :  ==> app\._Images
[info] [2025-04-10T07:30:09.489Z] :  ==> app\._translations
[info] [2025-04-10T07:30:09.490Z] : Note - File formats that can be packed are: txt, md, xml, dre, jpg, jpeg, png, gif, css, js, html, json, mp3, svg, woff, ttf, eot, webm, mp4, and woff2
[error] [2025-04-10T07:31:36.227Z] : × Below file formats are not allowed in Sigma
[info] [2025-04-10T07:31:36.231Z] :  ==> app\._Images
[info] [2025-04-10T07:31:36.232Z] :  ==> app\._translations
[info] [2025-04-10T07:31:36.232Z] : Note - File formats that can be packed are: txt, md, xml, dre, jpg, jpeg, png, gif, css, js, html, json, mp3, svg, woff, ttf, eot, webm, mp4, and woff2
[error] [2025-04-10T07:31:36.238Z] : × Below file formats are not allowed in Sigma
[info] [2025-04-10T07:31:36.239Z] :  ==> app\._Images
[info] [2025-04-10T07:31:36.240Z] :  ==> app\._translations
[info] [2025-04-10T07:31:36.240Z] : Note - File formats that can be packed are: txt, md, xml, dre, jpg, jpeg, png, gif, css, js, html, json, mp3, svg, woff, ttf, eot, webm, mp4, and woff2
[error] [2025-04-10T07:51:42.955Z] : × Below file formats are not allowed in Sigma
[info] [2025-04-10T07:51:42.959Z] :  ==> app\._Images
[info] [2025-04-10T07:51:42.960Z] :  ==> app\._translations
[info] [2025-04-10T07:51:42.961Z] : Note - File formats that can be packed are: txt, md, xml, dre, jpg, jpeg, png, gif, css, js, html, json, mp3, svg, woff, ttf, eot, webm, mp4, and woff2
[error] [2025-04-10T07:51:42.967Z] : × Below file formats are not allowed in Sigma
[info] [2025-04-10T07:51:42.968Z] :  ==> app\._Images
[info] [2025-04-10T07:51:42.969Z] :  ==> app\._translations
[info] [2025-04-10T07:51:42.970Z] : Note - File formats that can be packed are: txt, md, xml, dre, jpg, jpeg, png, gif, css, js, html, json, mp3, svg, woff, ttf, eot, webm, mp4, and woff2
[error] [2025-04-10T07:53:36.502Z] : × Below file formats are not allowed in Sigma
[info] [2025-04-10T07:53:36.505Z] :  ==> app\._Images
[info] [2025-04-10T07:53:36.505Z] :  ==> app\._translations
[info] [2025-04-10T07:53:36.506Z] : Note - File formats that can be packed are: txt, md, xml, dre, jpg, jpeg, png, gif, css, js, html, json, mp3, svg, woff, ttf, eot, webm, mp4, and woff2
[error] [2025-04-10T07:53:36.512Z] : × Below file formats are not allowed in Sigma
[info] [2025-04-10T07:53:36.513Z] :  ==> app\._Images
[info] [2025-04-10T07:53:36.513Z] :  ==> app\._translations
[info] [2025-04-10T07:53:36.514Z] : Note - File formats that can be packed are: txt, md, xml, dre, jpg, jpeg, png, gif, css, js, html, json, mp3, svg, woff, ttf, eot, webm, mp4, and woff2
[error] [2025-04-10T07:57:53.241Z] : × Below file formats are not allowed in Sigma
[info] [2025-04-10T07:57:53.246Z] :  ==> app\._Images
[info] [2025-04-10T07:57:53.247Z] :  ==> app\._translations
[info] [2025-04-10T07:57:53.247Z] : Note - File formats that can be packed are: txt, md, xml, dre, jpg, jpeg, png, gif, css, js, html, json, mp3, svg, woff, ttf, eot, webm, mp4, and woff2
[error] [2025-04-10T07:57:53.253Z] : × Below file formats are not allowed in Sigma
[info] [2025-04-10T07:57:53.253Z] :  ==> app\._Images
[info] [2025-04-10T07:57:53.254Z] :  ==> app\._translations
[info] [2025-04-10T07:57:53.255Z] : Note - File formats that can be packed are: txt, md, xml, dre, jpg, jpeg, png, gif, css, js, html, json, mp3, svg, woff, ttf, eot, webm, mp4, and woff2
[error] [2025-04-10T08:00:28.833Z] : × Below file formats are not allowed in Sigma
[info] [2025-04-10T08:00:28.837Z] :  ==> app\._Images
[info] [2025-04-10T08:00:28.837Z] :  ==> app\._translations
[info] [2025-04-10T08:00:28.839Z] : Note - File formats that can be packed are: txt, md, xml, dre, jpg, jpeg, png, gif, css, js, html, json, mp3, svg, woff, ttf, eot, webm, mp4, and woff2
[error] [2025-04-10T08:00:28.845Z] : × Below file formats are not allowed in Sigma
[info] [2025-04-10T08:00:28.846Z] :  ==> app\._Images
[info] [2025-04-10T08:00:28.848Z] :  ==> app\._translations
[info] [2025-04-10T08:00:28.849Z] : Note - File formats that can be packed are: txt, md, xml, dre, jpg, jpeg, png, gif, css, js, html, json, mp3, svg, woff, ttf, eot, webm, mp4, and woff2
[error] [2025-04-10T08:03:53.497Z] : × Below file formats are not allowed in Sigma
[info] [2025-04-10T08:03:53.501Z] :  ==> app\._Images
[info] [2025-04-10T08:03:53.502Z] :  ==> app\._translations
[info] [2025-04-10T08:03:53.503Z] : Note - File formats that can be packed are: txt, md, xml, dre, jpg, jpeg, png, gif, css, js, html, json, mp3, svg, woff, ttf, eot, webm, mp4, and woff2
[error] [2025-04-10T08:03:53.508Z] : × Below file formats are not allowed in Sigma
[info] [2025-04-10T08:03:53.509Z] :  ==> app\._Images
[info] [2025-04-10T08:03:53.510Z] :  ==> app\._translations
[info] [2025-04-10T08:03:53.511Z] : Note - File formats that can be packed are: txt, md, xml, dre, jpg, jpeg, png, gif, css, js, html, json, mp3, svg, woff, ttf, eot, webm, mp4, and woff2
[error] [2025-04-10T08:07:00.781Z] : × Below file formats are not allowed in Sigma
[info] [2025-04-10T08:07:00.785Z] :  ==> app\._Images
[info] [2025-04-10T08:07:00.786Z] :  ==> app\._translations
[info] [2025-04-10T08:07:00.787Z] : Note - File formats that can be packed are: txt, md, xml, dre, jpg, jpeg, png, gif, css, js, html, json, mp3, svg, woff, ttf, eot, webm, mp4, and woff2
[error] [2025-04-10T08:07:00.793Z] : × Below file formats are not allowed in Sigma
[info] [2025-04-10T08:07:00.794Z] :  ==> app\._Images
[info] [2025-04-10T08:07:00.795Z] :  ==> app\._translations
[info] [2025-04-10T08:07:00.795Z] : Note - File formats that can be packed are: txt, md, xml, dre, jpg, jpeg, png, gif, css, js, html, json, mp3, svg, woff, ttf, eot, webm, mp4, and woff2
[error] [2025-04-10T08:18:23.663Z] : × Below file formats are not allowed in Sigma
[info] [2025-04-10T08:18:23.669Z] :  ==> app\._Images
[info] [2025-04-10T08:18:23.670Z] :  ==> app\._translations
[info] [2025-04-10T08:18:23.671Z] : Note - File formats that can be packed are: txt, md, xml, dre, jpg, jpeg, png, gif, css, js, html, json, mp3, svg, woff, ttf, eot, webm, mp4, and woff2
[error] [2025-04-10T08:18:23.683Z] : × Below file formats are not allowed in Sigma
[info] [2025-04-10T08:18:23.685Z] :  ==> app\._Images
[info] [2025-04-10T08:18:23.686Z] :  ==> app\._translations
[info] [2025-04-10T08:18:23.688Z] : Note - File formats that can be packed are: txt, md, xml, dre, jpg, jpeg, png, gif, css, js, html, json, mp3, svg, woff, ttf, eot, webm, mp4, and woff2
[error] [2025-04-10T08:24:50.789Z] : × Below file formats are not allowed in Sigma
[info] [2025-04-10T08:24:50.792Z] :  ==> app\._Images
[info] [2025-04-10T08:24:50.793Z] :  ==> app\._translations
[info] [2025-04-10T08:24:50.793Z] : Note - File formats that can be packed are: txt, md, xml, dre, jpg, jpeg, png, gif, css, js, html, json, mp3, svg, woff, ttf, eot, webm, mp4, and woff2
[error] [2025-04-10T08:24:50.799Z] : × Below file formats are not allowed in Sigma
[info] [2025-04-10T08:24:50.801Z] :  ==> app\._Images
[info] [2025-04-10T08:24:50.802Z] :  ==> app\._translations
[info] [2025-04-10T08:24:50.803Z] : Note - File formats that can be packed are: txt, md, xml, dre, jpg, jpeg, png, gif, css, js, html, json, mp3, svg, woff, ttf, eot, webm, mp4, and woff2
[error] [2025-04-10T08:31:40.332Z] : × Below file formats are not allowed in Sigma
[info] [2025-04-10T08:31:40.335Z] :  ==> app\._Images
[info] [2025-04-10T08:31:40.336Z] :  ==> app\._translations
[info] [2025-04-10T08:31:40.337Z] : Note - File formats that can be packed are: txt, md, xml, dre, jpg, jpeg, png, gif, css, js, html, json, mp3, svg, woff, ttf, eot, webm, mp4, and woff2
[error] [2025-04-10T08:31:40.344Z] : × Below file formats are not allowed in Sigma
[info] [2025-04-10T08:31:40.345Z] :  ==> app\._Images
[info] [2025-04-10T08:31:40.346Z] :  ==> app\._translations
[info] [2025-04-10T08:31:40.346Z] : Note - File formats that can be packed are: txt, md, xml, dre, jpg, jpeg, png, gif, css, js, html, json, mp3, svg, woff, ttf, eot, webm, mp4, and woff2
[error] [2025-04-10T08:33:42.977Z] : × Below file formats are not allowed in Sigma
[info] [2025-04-10T08:33:42.982Z] :  ==> app\._Images
[info] [2025-04-10T08:33:42.983Z] :  ==> app\._translations
[info] [2025-04-10T08:33:42.984Z] : Note - File formats that can be packed are: txt, md, xml, dre, jpg, jpeg, png, gif, css, js, html, json, mp3, svg, woff, ttf, eot, webm, mp4, and woff2
[error] [2025-04-10T08:33:42.991Z] : × Below file formats are not allowed in Sigma
[info] [2025-04-10T08:33:42.992Z] :  ==> app\._Images
[info] [2025-04-10T08:33:42.993Z] :  ==> app\._translations
[info] [2025-04-10T08:33:42.994Z] : Note - File formats that can be packed are: txt, md, xml, dre, jpg, jpeg, png, gif, css, js, html, json, mp3, svg, woff, ttf, eot, webm, mp4, and woff2
[error] [2025-04-10T09:21:06.880Z] : × Below file formats are not allowed in Sigma
[info] [2025-04-10T09:21:06.885Z] :  ==> app\._Images
[info] [2025-04-10T09:21:06.885Z] :  ==> app\._translations
[info] [2025-04-10T09:21:06.886Z] : Note - File formats that can be packed are: txt, md, xml, dre, jpg, jpeg, png, gif, css, js, html, json, mp3, svg, woff, ttf, eot, webm, mp4, and woff2
[error] [2025-04-10T09:21:06.894Z] : × Below file formats are not allowed in Sigma
[info] [2025-04-10T09:21:06.895Z] :  ==> app\._Images
[info] [2025-04-10T09:21:06.897Z] :  ==> app\._translations
[info] [2025-04-10T09:21:06.898Z] : Note - File formats that can be packed are: txt, md, xml, dre, jpg, jpeg, png, gif, css, js, html, json, mp3, svg, woff, ttf, eot, webm, mp4, and woff2
[error] [2025-04-10T09:25:03.748Z] : × Below file formats are not allowed in Sigma
[info] [2025-04-10T09:25:03.752Z] :  ==> app\._Images
[info] [2025-04-10T09:25:03.752Z] :  ==> app\._translations
[info] [2025-04-10T09:25:03.753Z] : Note - File formats that can be packed are: txt, md, xml, dre, jpg, jpeg, png, gif, css, js, html, json, mp3, svg, woff, ttf, eot, webm, mp4, and woff2
[error] [2025-04-10T09:25:03.757Z] : × Below file formats are not allowed in Sigma
[info] [2025-04-10T09:25:03.758Z] :  ==> app\._Images
[info] [2025-04-10T09:25:03.759Z] :  ==> app\._translations
[info] [2025-04-10T09:25:03.759Z] : Note - File formats that can be packed are: txt, md, xml, dre, jpg, jpeg, png, gif, css, js, html, json, mp3, svg, woff, ttf, eot, webm, mp4, and woff2
[error] [2025-04-10T09:28:02.884Z] : × Below file formats are not allowed in Sigma
[info] [2025-04-10T09:28:02.887Z] :  ==> app\._Images
[info] [2025-04-10T09:28:02.888Z] :  ==> app\._translations
[info] [2025-04-10T09:28:02.888Z] : Note - File formats that can be packed are: txt, md, xml, dre, jpg, jpeg, png, gif, css, js, html, json, mp3, svg, woff, ttf, eot, webm, mp4, and woff2
[error] [2025-04-10T09:28:02.894Z] : × Below file formats are not allowed in Sigma
[info] [2025-04-10T09:28:02.896Z] :  ==> app\._Images
[info] [2025-04-10T09:28:02.897Z] :  ==> app\._translations
[info] [2025-04-10T09:28:02.897Z] : Note - File formats that can be packed are: txt, md, xml, dre, jpg, jpeg, png, gif, css, js, html, json, mp3, svg, woff, ttf, eot, webm, mp4, and woff2
[error] [2025-04-10T13:04:04.095Z] : × Below file formats are not allowed in Sigma
[info] [2025-04-10T13:04:04.101Z] :  ==> app\._Images
[info] [2025-04-10T13:04:04.101Z] :  ==> app\._translations
[info] [2025-04-10T13:04:04.102Z] : Note - File formats that can be packed are: txt, md, xml, dre, jpg, jpeg, png, gif, css, js, html, json, mp3, svg, woff, ttf, eot, webm, mp4, and woff2
[error] [2025-04-10T13:04:04.110Z] : × Below file formats are not allowed in Sigma
[info] [2025-04-10T13:04:04.111Z] :  ==> app\._Images
[info] [2025-04-10T13:04:04.112Z] :  ==> app\._translations
[info] [2025-04-10T13:04:04.112Z] : Note - File formats that can be packed are: txt, md, xml, dre, jpg, jpeg, png, gif, css, js, html, json, mp3, svg, woff, ttf, eot, webm, mp4, and woff2
[error] [2025-04-10T13:07:23.853Z] : × Below file formats are not allowed in Sigma
[info] [2025-04-10T13:07:23.856Z] :  ==> app\._Images
[info] [2025-04-10T13:07:23.857Z] :  ==> app\._translations
[info] [2025-04-10T13:07:23.857Z] : Note - File formats that can be packed are: txt, md, xml, dre, jpg, jpeg, png, gif, css, js, html, json, mp3, svg, woff, ttf, eot, webm, mp4, and woff2
[error] [2025-04-10T13:07:23.865Z] : × Below file formats are not allowed in Sigma
[info] [2025-04-10T13:07:23.867Z] :  ==> app\._Images
[info] [2025-04-10T13:07:23.869Z] :  ==> app\._translations
[info] [2025-04-10T13:07:23.870Z] : Note - File formats that can be packed are: txt, md, xml, dre, jpg, jpeg, png, gif, css, js, html, json, mp3, svg, woff, ttf, eot, webm, mp4, and woff2
[error] [2025-04-10T13:17:03.218Z] : × Below file formats are not allowed in Sigma
[info] [2025-04-10T13:17:03.222Z] :  ==> app\._Images
[info] [2025-04-10T13:17:03.222Z] :  ==> app\._translations
[info] [2025-04-10T13:17:03.223Z] : Note - File formats that can be packed are: txt, md, xml, dre, jpg, jpeg, png, gif, css, js, html, json, mp3, svg, woff, ttf, eot, webm, mp4, and woff2
[error] [2025-04-10T13:17:03.230Z] : × Below file formats are not allowed in Sigma
[info] [2025-04-10T13:17:03.232Z] :  ==> app\._Images
[info] [2025-04-10T13:17:03.233Z] :  ==> app\._translations
[info] [2025-04-10T13:17:03.234Z] : Note - File formats that can be packed are: txt, md, xml, dre, jpg, jpeg, png, gif, css, js, html, json, mp3, svg, woff, ttf, eot, webm, mp4, and woff2
[error] [2025-04-10T14:07:36.360Z] : × Below file formats are not allowed in Sigma
[info] [2025-04-10T14:07:36.363Z] :  ==> app\._Images
[info] [2025-04-10T14:07:36.364Z] :  ==> app\._translations
[info] [2025-04-10T14:07:36.364Z] : Note - File formats that can be packed are: txt, md, xml, dre, jpg, jpeg, png, gif, css, js, html, json, mp3, svg, woff, ttf, eot, webm, mp4, and woff2
[error] [2025-04-10T14:07:36.369Z] : × Below file formats are not allowed in Sigma
[info] [2025-04-10T14:07:36.369Z] :  ==> app\._Images
[info] [2025-04-10T14:07:36.370Z] :  ==> app\._translations
[info] [2025-04-10T14:07:36.371Z] : Note - File formats that can be packed are: txt, md, xml, dre, jpg, jpeg, png, gif, css, js, html, json, mp3, svg, woff, ttf, eot, webm, mp4, and woff2
[error] [2025-04-10T14:09:08.492Z] : × Below file formats are not allowed in Sigma
[info] [2025-04-10T14:09:08.495Z] :  ==> app\._Images
[info] [2025-04-10T14:09:08.495Z] :  ==> app\._translations
[info] [2025-04-10T14:09:08.496Z] : Note - File formats that can be packed are: txt, md, xml, dre, jpg, jpeg, png, gif, css, js, html, json, mp3, svg, woff, ttf, eot, webm, mp4, and woff2
[error] [2025-04-10T14:09:08.501Z] : × Below file formats are not allowed in Sigma
[info] [2025-04-10T14:09:08.503Z] :  ==> app\._Images
[info] [2025-04-10T14:09:08.505Z] :  ==> app\._translations
[info] [2025-04-10T14:09:08.506Z] : Note - File formats that can be packed are: txt, md, xml, dre, jpg, jpeg, png, gif, css, js, html, json, mp3, svg, woff, ttf, eot, webm, mp4, and woff2
[error] [2025-04-11T10:27:16.947Z] : × Below file formats are not allowed in Sigma
[info] [2025-04-11T10:27:16.952Z] :  ==> app\._Images
[info] [2025-04-11T10:27:16.953Z] :  ==> app\._translations
[info] [2025-04-11T10:27:16.954Z] : Note - File formats that can be packed are: txt, md, xml, dre, jpg, jpeg, png, gif, css, js, html, json, mp3, svg, woff, ttf, eot, webm, mp4, and woff2
[error] [2025-04-11T10:27:16.963Z] : × Below file formats are not allowed in Sigma
[info] [2025-04-11T10:27:16.965Z] :  ==> app\._Images
[info] [2025-04-11T10:27:16.966Z] :  ==> app\._translations
[info] [2025-04-11T10:27:16.967Z] : Note - File formats that can be packed are: txt, md, xml, dre, jpg, jpeg, png, gif, css, js, html, json, mp3, svg, woff, ttf, eot, webm, mp4, and woff2
[error] [2025-04-11T11:08:13.657Z] : × Below file formats are not allowed in Sigma
[info] [2025-04-11T11:08:13.662Z] :  ==> app\._Images
[info] [2025-04-11T11:08:13.663Z] :  ==> app\._translations
[info] [2025-04-11T11:08:13.663Z] : Note - File formats that can be packed are: txt, md, xml, dre, jpg, jpeg, png, gif, css, js, html, json, mp3, svg, woff, ttf, eot, webm, mp4, and woff2
[error] [2025-04-11T11:08:13.670Z] : × Below file formats are not allowed in Sigma
[info] [2025-04-11T11:08:13.671Z] :  ==> app\._Images
[info] [2025-04-11T11:08:13.671Z] :  ==> app\._translations
[info] [2025-04-11T11:08:13.672Z] : Note - File formats that can be packed are: txt, md, xml, dre, jpg, jpeg, png, gif, css, js, html, json, mp3, svg, woff, ttf, eot, webm, mp4, and woff2
[error] [2025-04-11T11:09:25.598Z] : × Below file formats are not allowed in Sigma
[info] [2025-04-11T11:09:25.601Z] :  ==> app\._Images
[info] [2025-04-11T11:09:25.602Z] :  ==> app\._translations
[info] [2025-04-11T11:09:25.603Z] : Note - File formats that can be packed are: txt, md, xml, dre, jpg, jpeg, png, gif, css, js, html, json, mp3, svg, woff, ttf, eot, webm, mp4, and woff2
[error] [2025-04-11T11:09:25.610Z] : × Below file formats are not allowed in Sigma
[info] [2025-04-11T11:09:25.612Z] :  ==> app\._Images
[info] [2025-04-11T11:09:25.613Z] :  ==> app\._translations
[info] [2025-04-11T11:09:25.614Z] : Note - File formats that can be packed are: txt, md, xml, dre, jpg, jpeg, png, gif, css, js, html, json, mp3, svg, woff, ttf, eot, webm, mp4, and woff2
[error] [2025-04-11T11:12:28.789Z] : × Below file formats are not allowed in Sigma
[info] [2025-04-11T11:12:28.793Z] :  ==> app\._Images
[info] [2025-04-11T11:12:28.793Z] :  ==> app\._translations
[info] [2025-04-11T11:12:28.794Z] : Note - File formats that can be packed are: txt, md, xml, dre, jpg, jpeg, png, gif, css, js, html, json, mp3, svg, woff, ttf, eot, webm, mp4, and woff2
[error] [2025-04-11T11:12:28.798Z] : × Below file formats are not allowed in Sigma
[info] [2025-04-11T11:12:28.799Z] :  ==> app\._Images
[info] [2025-04-11T11:12:28.800Z] :  ==> app\._translations
[info] [2025-04-11T11:12:28.800Z] : Note - File formats that can be packed are: txt, md, xml, dre, jpg, jpeg, png, gif, css, js, html, json, mp3, svg, woff, ttf, eot, webm, mp4, and woff2
[error] [2025-04-11T11:59:23.481Z] : × Below file formats are not allowed in Sigma
[info] [2025-04-11T11:59:23.484Z] :  ==> app\._Images
[info] [2025-04-11T11:59:23.485Z] :  ==> app\._translations
[info] [2025-04-11T11:59:23.485Z] : Note - File formats that can be packed are: txt, md, xml, dre, jpg, jpeg, png, gif, css, js, html, json, mp3, svg, woff, ttf, eot, webm, mp4, and woff2
[error] [2025-04-11T11:59:23.490Z] : × Below file formats are not allowed in Sigma
[info] [2025-04-11T11:59:23.490Z] :  ==> app\._Images
[info] [2025-04-11T11:59:23.491Z] :  ==> app\._translations
[info] [2025-04-11T11:59:23.492Z] : Note - File formats that can be packed are: txt, md, xml, dre, jpg, jpeg, png, gif, css, js, html, json, mp3, svg, woff, ttf, eot, webm, mp4, and woff2
[error] [2025-04-11T12:09:33.649Z] : × Below file formats are not allowed in Sigma
[info] [2025-04-11T12:09:33.665Z] :  ==> app\._Images
[info] [2025-04-11T12:09:33.666Z] :  ==> app\._translations
[info] [2025-04-11T12:09:33.666Z] : Note - File formats that can be packed are: txt, md, xml, dre, jpg, jpeg, png, gif, css, js, html, json, mp3, svg, woff, ttf, eot, webm, mp4, and woff2
[error] [2025-04-11T12:09:33.671Z] : × Below file formats are not allowed in Sigma
[info] [2025-04-11T12:09:33.672Z] :  ==> app\._Images
[info] [2025-04-11T12:09:33.673Z] :  ==> app\._translations
[info] [2025-04-11T12:09:33.674Z] : Note - File formats that can be packed are: txt, md, xml, dre, jpg, jpeg, png, gif, css, js, html, json, mp3, svg, woff, ttf, eot, webm, mp4, and woff2
[error] [2025-04-11T12:13:49.029Z] : × Below file formats are not allowed in Sigma
[info] [2025-04-11T12:13:49.032Z] :  ==> app\._Images
[info] [2025-04-11T12:13:49.033Z] :  ==> app\._translations
[info] [2025-04-11T12:13:49.034Z] : Note - File formats that can be packed are: txt, md, xml, dre, jpg, jpeg, png, gif, css, js, html, json, mp3, svg, woff, ttf, eot, webm, mp4, and woff2
[error] [2025-04-11T12:13:49.039Z] : × Below file formats are not allowed in Sigma
[info] [2025-04-11T12:13:49.040Z] :  ==> app\._Images
[info] [2025-04-11T12:13:49.041Z] :  ==> app\._translations
[info] [2025-04-11T12:13:49.042Z] : Note - File formats that can be packed are: txt, md, xml, dre, jpg, jpeg, png, gif, css, js, html, json, mp3, svg, woff, ttf, eot, webm, mp4, and woff2
[error] [2025-04-14T11:22:39.742Z] : × Below file formats are not allowed in Sigma
[info] [2025-04-14T11:22:39.761Z] :  ==> app\._Images
[info] [2025-04-14T11:22:39.763Z] :  ==> app\._translations
[info] [2025-04-14T11:22:39.765Z] : Note - File formats that can be packed are: txt, md, xml, dre, jpg, jpeg, png, gif, css, js, html, json, mp3, svg, woff, ttf, eot, webm, mp4, and woff2
[error] [2025-04-14T11:22:39.784Z] : × Below file formats are not allowed in Sigma
[info] [2025-04-14T11:22:39.787Z] :  ==> app\._Images
[info] [2025-04-14T11:22:39.789Z] :  ==> app\._translations
[info] [2025-04-14T11:22:39.792Z] : Note - File formats that can be packed are: txt, md, xml, dre, jpg, jpeg, png, gif, css, js, html, json, mp3, svg, woff, ttf, eot, webm, mp4, and woff2
[error] [2025-04-14T11:44:45.947Z] : × Below file formats are not allowed in Sigma
[info] [2025-04-14T11:44:45.950Z] :  ==> app\._Images
[info] [2025-04-14T11:44:45.951Z] :  ==> app\._translations
[info] [2025-04-14T11:44:45.952Z] : Note - File formats that can be packed are: txt, md, xml, dre, jpg, jpeg, png, gif, css, js, html, json, mp3, svg, woff, ttf, eot, webm, mp4, and woff2
[error] [2025-04-14T11:44:45.958Z] : × Below file formats are not allowed in Sigma
[info] [2025-04-14T11:44:45.960Z] :  ==> app\._Images
[info] [2025-04-14T11:44:45.961Z] :  ==> app\._translations
[info] [2025-04-14T11:44:45.962Z] : Note - File formats that can be packed are: txt, md, xml, dre, jpg, jpeg, png, gif, css, js, html, json, mp3, svg, woff, ttf, eot, webm, mp4, and woff2
[error] [2025-04-14T11:58:38.829Z] : × Below file formats are not allowed in Sigma
[info] [2025-04-14T11:58:38.832Z] :  ==> app\._Images
[info] [2025-04-14T11:58:38.832Z] :  ==> app\._translations
[info] [2025-04-14T11:58:38.833Z] : Note - File formats that can be packed are: txt, md, xml, dre, jpg, jpeg, png, gif, css, js, html, json, mp3, svg, woff, ttf, eot, webm, mp4, and woff2
[error] [2025-04-14T11:58:38.837Z] : × Below file formats are not allowed in Sigma
[info] [2025-04-14T11:58:38.839Z] :  ==> app\._Images
[info] [2025-04-14T11:58:38.840Z] :  ==> app\._translations
[info] [2025-04-14T11:58:38.841Z] : Note - File formats that can be packed are: txt, md, xml, dre, jpg, jpeg, png, gif, css, js, html, json, mp3, svg, woff, ttf, eot, webm, mp4, and woff2
[error] [2025-04-14T12:02:18.490Z] : × Below file formats are not allowed in Sigma
[info] [2025-04-14T12:02:18.493Z] :  ==> app\._Images
[info] [2025-04-14T12:02:18.494Z] :  ==> app\._translations
[info] [2025-04-14T12:02:18.494Z] : Note - File formats that can be packed are: txt, md, xml, dre, jpg, jpeg, png, gif, css, js, html, json, mp3, svg, woff, ttf, eot, webm, mp4, and woff2
[error] [2025-04-14T12:02:18.501Z] : × Below file formats are not allowed in Sigma
[info] [2025-04-14T12:02:18.502Z] :  ==> app\._Images
[info] [2025-04-14T12:02:18.503Z] :  ==> app\._translations
[info] [2025-04-14T12:02:18.504Z] : Note - File formats that can be packed are: txt, md, xml, dre, jpg, jpeg, png, gif, css, js, html, json, mp3, svg, woff, ttf, eot, webm, mp4, and woff2
[error] [2025-04-14T12:08:34.080Z] : × Below file formats are not allowed in Sigma
[info] [2025-04-14T12:08:34.083Z] :  ==> app\._Images
[info] [2025-04-14T12:08:34.084Z] :  ==> app\._translations
[info] [2025-04-14T12:08:34.085Z] : Note - File formats that can be packed are: txt, md, xml, dre, jpg, jpeg, png, gif, css, js, html, json, mp3, svg, woff, ttf, eot, webm, mp4, and woff2
[error] [2025-04-14T12:08:34.090Z] : × Below file formats are not allowed in Sigma
[info] [2025-04-14T12:08:34.091Z] :  ==> app\._Images
[info] [2025-04-14T12:08:34.092Z] :  ==> app\._translations
[info] [2025-04-14T12:08:34.092Z] : Note - File formats that can be packed are: txt, md, xml, dre, jpg, jpeg, png, gif, css, js, html, json, mp3, svg, woff, ttf, eot, webm, mp4, and woff2
[error] [2025-04-14T12:10:10.363Z] : × Below file formats are not allowed in Sigma
[info] [2025-04-14T12:10:10.367Z] :  ==> app\._Images
[info] [2025-04-14T12:10:10.369Z] :  ==> app\._translations
[info] [2025-04-14T12:10:10.370Z] : Note - File formats that can be packed are: txt, md, xml, dre, jpg, jpeg, png, gif, css, js, html, json, mp3, svg, woff, ttf, eot, webm, mp4, and woff2
[error] [2025-04-14T12:10:10.376Z] : × Below file formats are not allowed in Sigma
[info] [2025-04-14T12:10:10.377Z] :  ==> app\._Images
[info] [2025-04-14T12:10:10.378Z] :  ==> app\._translations
[info] [2025-04-14T12:10:10.378Z] : Note - File formats that can be packed are: txt, md, xml, dre, jpg, jpeg, png, gif, css, js, html, json, mp3, svg, woff, ttf, eot, webm, mp4, and woff2
[error] [2025-04-14T12:11:15.267Z] : × Below file formats are not allowed in Sigma
[info] [2025-04-14T12:11:15.270Z] :  ==> app\._Images
[info] [2025-04-14T12:11:15.270Z] :  ==> app\._translations
[info] [2025-04-14T12:11:15.271Z] : Note - File formats that can be packed are: txt, md, xml, dre, jpg, jpeg, png, gif, css, js, html, json, mp3, svg, woff, ttf, eot, webm, mp4, and woff2
[error] [2025-04-14T12:11:15.276Z] : × Below file formats are not allowed in Sigma
[info] [2025-04-14T12:11:15.277Z] :  ==> app\._Images
[info] [2025-04-14T12:11:15.277Z] :  ==> app\._translations
[info] [2025-04-14T12:11:15.278Z] : Note - File formats that can be packed are: txt, md, xml, dre, jpg, jpeg, png, gif, css, js, html, json, mp3, svg, woff, ttf, eot, webm, mp4, and woff2
[error] [2025-04-14T12:13:22.747Z] : × Below file formats are not allowed in Sigma
[info] [2025-04-14T12:13:22.750Z] :  ==> app\._Images
[info] [2025-04-14T12:13:22.751Z] :  ==> app\._translations
[info] [2025-04-14T12:13:22.752Z] : Note - File formats that can be packed are: txt, md, xml, dre, jpg, jpeg, png, gif, css, js, html, json, mp3, svg, woff, ttf, eot, webm, mp4, and woff2
[error] [2025-04-14T12:13:22.756Z] : × Below file formats are not allowed in Sigma
[info] [2025-04-14T12:13:22.757Z] :  ==> app\._Images
[info] [2025-04-14T12:13:22.758Z] :  ==> app\._translations
[info] [2025-04-14T12:13:22.759Z] : Note - File formats that can be packed are: txt, md, xml, dre, jpg, jpeg, png, gif, css, js, html, json, mp3, svg, woff, ttf, eot, webm, mp4, and woff2
[error] [2025-04-14T12:13:36.541Z] : × Below file formats are not allowed in Sigma
[info] [2025-04-14T12:13:36.544Z] :  ==> app\._Images
[info] [2025-04-14T12:13:36.546Z] :  ==> app\._translations
[info] [2025-04-14T12:13:36.547Z] : Note - File formats that can be packed are: txt, md, xml, dre, jpg, jpeg, png, gif, css, js, html, json, mp3, svg, woff, ttf, eot, webm, mp4, and woff2
[error] [2025-04-14T12:13:36.552Z] : × Below file formats are not allowed in Sigma
[info] [2025-04-14T12:13:36.553Z] :  ==> app\._Images
[info] [2025-04-14T12:13:36.554Z] :  ==> app\._translations
[info] [2025-04-14T12:13:36.554Z] : Note - File formats that can be packed are: txt, md, xml, dre, jpg, jpeg, png, gif, css, js, html, json, mp3, svg, woff, ttf, eot, webm, mp4, and woff2
[error] [2025-04-14T12:19:26.587Z] : × Below file formats are not allowed in Sigma
[info] [2025-04-14T12:19:26.592Z] :  ==> app\._Images
[info] [2025-04-14T12:19:26.593Z] :  ==> app\._translations
[info] [2025-04-14T12:19:26.595Z] : Note - File formats that can be packed are: txt, md, xml, dre, jpg, jpeg, png, gif, css, js, html, json, mp3, svg, woff, ttf, eot, webm, mp4, and woff2
[error] [2025-04-14T12:19:26.605Z] : × Below file formats are not allowed in Sigma
[info] [2025-04-14T12:19:26.606Z] :  ==> app\._Images
[info] [2025-04-14T12:19:26.608Z] :  ==> app\._translations
[info] [2025-04-14T12:19:26.609Z] : Note - File formats that can be packed are: txt, md, xml, dre, jpg, jpeg, png, gif, css, js, html, json, mp3, svg, woff, ttf, eot, webm, mp4, and woff2
[error] [2025-04-14T12:22:25.768Z] : × Below file formats are not allowed in Sigma
[info] [2025-04-14T12:22:25.793Z] :  ==> app\._Images
[info] [2025-04-14T12:22:25.794Z] :  ==> app\._translations
[info] [2025-04-14T12:22:25.796Z] : Note - File formats that can be packed are: txt, md, xml, dre, jpg, jpeg, png, gif, css, js, html, json, mp3, svg, woff, ttf, eot, webm, mp4, and woff2
[error] [2025-04-14T12:22:25.816Z] : × Below file formats are not allowed in Sigma
[info] [2025-04-14T12:22:25.818Z] :  ==> app\._Images
[info] [2025-04-14T12:22:25.820Z] :  ==> app\._translations
[info] [2025-04-14T12:22:25.822Z] : Note - File formats that can be packed are: txt, md, xml, dre, jpg, jpeg, png, gif, css, js, html, json, mp3, svg, woff, ttf, eot, webm, mp4, and woff2
[error] [2025-04-14T12:24:58.706Z] : × Below file formats are not allowed in Sigma
[info] [2025-04-14T12:24:58.724Z] :  ==> app\._Images
[info] [2025-04-14T12:24:58.725Z] :  ==> app\._translations
[info] [2025-04-14T12:24:58.725Z] : Note - File formats that can be packed are: txt, md, xml, dre, jpg, jpeg, png, gif, css, js, html, json, mp3, svg, woff, ttf, eot, webm, mp4, and woff2
[error] [2025-04-14T12:24:58.735Z] : × Below file formats are not allowed in Sigma
[info] [2025-04-14T12:24:58.736Z] :  ==> app\._Images
[info] [2025-04-14T12:24:58.737Z] :  ==> app\._translations
[info] [2025-04-14T12:24:58.737Z] : Note - File formats that can be packed are: txt, md, xml, dre, jpg, jpeg, png, gif, css, js, html, json, mp3, svg, woff, ttf, eot, webm, mp4, and woff2
[error] [2025-04-14T12:27:33.035Z] : × Below file formats are not allowed in Sigma
[info] [2025-04-14T12:27:33.038Z] :  ==> app\._Images
[info] [2025-04-14T12:27:33.038Z] :  ==> app\._translations
[info] [2025-04-14T12:27:33.039Z] : Note - File formats that can be packed are: txt, md, xml, dre, jpg, jpeg, png, gif, css, js, html, json, mp3, svg, woff, ttf, eot, webm, mp4, and woff2
[error] [2025-04-14T12:27:33.043Z] : × Below file formats are not allowed in Sigma
[info] [2025-04-14T12:27:33.044Z] :  ==> app\._Images
[info] [2025-04-14T12:27:33.045Z] :  ==> app\._translations
[info] [2025-04-14T12:27:33.046Z] : Note - File formats that can be packed are: txt, md, xml, dre, jpg, jpeg, png, gif, css, js, html, json, mp3, svg, woff, ttf, eot, webm, mp4, and woff2
[error] [2025-04-14T12:29:45.956Z] : × Below file formats are not allowed in Sigma
[info] [2025-04-14T12:29:45.959Z] :  ==> app\._Images
[info] [2025-04-14T12:29:45.959Z] :  ==> app\._translations
[info] [2025-04-14T12:29:45.960Z] : Note - File formats that can be packed are: txt, md, xml, dre, jpg, jpeg, png, gif, css, js, html, json, mp3, svg, woff, ttf, eot, webm, mp4, and woff2
[error] [2025-04-14T12:29:45.965Z] : × Below file formats are not allowed in Sigma
[info] [2025-04-14T12:29:45.966Z] :  ==> app\._Images
[info] [2025-04-14T12:29:45.968Z] :  ==> app\._translations
[info] [2025-04-14T12:29:45.969Z] : Note - File formats that can be packed are: txt, md, xml, dre, jpg, jpeg, png, gif, css, js, html, json, mp3, svg, woff, ttf, eot, webm, mp4, and woff2
[error] [2025-04-14T12:30:55.548Z] : × Below file formats are not allowed in Sigma
[info] [2025-04-14T12:30:55.552Z] :  ==> app\._Images
[info] [2025-04-14T12:30:55.553Z] :  ==> app\._translations
[info] [2025-04-14T12:30:55.554Z] : Note - File formats that can be packed are: txt, md, xml, dre, jpg, jpeg, png, gif, css, js, html, json, mp3, svg, woff, ttf, eot, webm, mp4, and woff2
[error] [2025-04-14T12:30:55.563Z] : × Below file formats are not allowed in Sigma
[info] [2025-04-14T12:30:55.564Z] :  ==> app\._Images
[info] [2025-04-14T12:30:55.565Z] :  ==> app\._translations
[info] [2025-04-14T12:30:55.566Z] : Note - File formats that can be packed are: txt, md, xml, dre, jpg, jpeg, png, gif, css, js, html, json, mp3, svg, woff, ttf, eot, webm, mp4, and woff2
[error] [2025-04-14T12:32:10.422Z] : × Below file formats are not allowed in Sigma
[info] [2025-04-14T12:32:10.425Z] :  ==> app\._Images
[info] [2025-04-14T12:32:10.425Z] :  ==> app\._translations
[info] [2025-04-14T12:32:10.426Z] : Note - File formats that can be packed are: txt, md, xml, dre, jpg, jpeg, png, gif, css, js, html, json, mp3, svg, woff, ttf, eot, webm, mp4, and woff2
[error] [2025-04-14T12:32:10.431Z] : × Below file formats are not allowed in Sigma
[info] [2025-04-14T12:32:10.432Z] :  ==> app\._Images
[info] [2025-04-14T12:32:10.433Z] :  ==> app\._translations
[info] [2025-04-14T12:32:10.433Z] : Note - File formats that can be packed are: txt, md, xml, dre, jpg, jpeg, png, gif, css, js, html, json, mp3, svg, woff, ttf, eot, webm, mp4, and woff2
[error] [2025-04-14T12:34:10.069Z] : × Below file formats are not allowed in Sigma
[info] [2025-04-14T12:34:10.073Z] :  ==> app\._Images
[info] [2025-04-14T12:34:10.074Z] :  ==> app\._translations
[info] [2025-04-14T12:34:10.075Z] : Note - File formats that can be packed are: txt, md, xml, dre, jpg, jpeg, png, gif, css, js, html, json, mp3, svg, woff, ttf, eot, webm, mp4, and woff2
[error] [2025-04-14T12:34:10.084Z] : × Below file formats are not allowed in Sigma
[info] [2025-04-14T12:34:10.085Z] :  ==> app\._Images
[info] [2025-04-14T12:34:10.086Z] :  ==> app\._translations
[info] [2025-04-14T12:34:10.086Z] : Note - File formats that can be packed are: txt, md, xml, dre, jpg, jpeg, png, gif, css, js, html, json, mp3, svg, woff, ttf, eot, webm, mp4, and woff2
[error] [2025-04-14T12:41:50.230Z] : × Below file formats are not allowed in Sigma
[info] [2025-04-14T12:41:50.233Z] :  ==> app\._Images
[info] [2025-04-14T12:41:50.234Z] :  ==> app\._translations
[info] [2025-04-14T12:41:50.234Z] : Note - File formats that can be packed are: txt, md, xml, dre, jpg, jpeg, png, gif, css, js, html, json, mp3, svg, woff, ttf, eot, webm, mp4, and woff2
[error] [2025-04-14T12:41:50.241Z] : × Below file formats are not allowed in Sigma
[info] [2025-04-14T12:41:50.242Z] :  ==> app\._Images
[info] [2025-04-14T12:41:50.243Z] :  ==> app\._translations
[info] [2025-04-14T12:41:50.244Z] : Note - File formats that can be packed are: txt, md, xml, dre, jpg, jpeg, png, gif, css, js, html, json, mp3, svg, woff, ttf, eot, webm, mp4, and woff2
[error] [2025-04-14T12:46:42.686Z] : × Below file formats are not allowed in Sigma
[info] [2025-04-14T12:46:42.689Z] :  ==> app\._Images
[info] [2025-04-14T12:46:42.690Z] :  ==> app\._translations
[info] [2025-04-14T12:46:42.690Z] : Note - File formats that can be packed are: txt, md, xml, dre, jpg, jpeg, png, gif, css, js, html, json, mp3, svg, woff, ttf, eot, webm, mp4, and woff2
[error] [2025-04-14T12:46:42.695Z] : × Below file formats are not allowed in Sigma
[info] [2025-04-14T12:46:42.696Z] :  ==> app\._Images
[info] [2025-04-14T12:46:42.697Z] :  ==> app\._translations
[info] [2025-04-14T12:46:42.698Z] : Note - File formats that can be packed are: txt, md, xml, dre, jpg, jpeg, png, gif, css, js, html, json, mp3, svg, woff, ttf, eot, webm, mp4, and woff2
[error] [2025-04-14T12:52:27.322Z] : × Below file formats are not allowed in Sigma
[info] [2025-04-14T12:52:27.325Z] :  ==> app\._Images
[info] [2025-04-14T12:52:27.326Z] :  ==> app\._translations
[info] [2025-04-14T12:52:27.327Z] : Note - File formats that can be packed are: txt, md, xml, dre, jpg, jpeg, png, gif, css, js, html, json, mp3, svg, woff, ttf, eot, webm, mp4, and woff2
[error] [2025-04-14T12:52:27.331Z] : × Below file formats are not allowed in Sigma
[info] [2025-04-14T12:52:27.332Z] :  ==> app\._Images
[info] [2025-04-14T12:52:27.332Z] :  ==> app\._translations
[info] [2025-04-14T12:52:27.333Z] : Note - File formats that can be packed are: txt, md, xml, dre, jpg, jpeg, png, gif, css, js, html, json, mp3, svg, woff, ttf, eot, webm, mp4, and woff2
[error] [2025-04-14T12:54:34.018Z] : × Below file formats are not allowed in Sigma
[info] [2025-04-14T12:54:34.021Z] :  ==> app\._Images
[info] [2025-04-14T12:54:34.022Z] :  ==> app\._translations
[info] [2025-04-14T12:54:34.023Z] : Note - File formats that can be packed are: txt, md, xml, dre, jpg, jpeg, png, gif, css, js, html, json, mp3, svg, woff, ttf, eot, webm, mp4, and woff2
[error] [2025-04-14T12:54:34.027Z] : × Below file formats are not allowed in Sigma
[info] [2025-04-14T12:54:34.028Z] :  ==> app\._Images
[info] [2025-04-14T12:54:34.029Z] :  ==> app\._translations
[info] [2025-04-14T12:54:34.030Z] : Note - File formats that can be packed are: txt, md, xml, dre, jpg, jpeg, png, gif, css, js, html, json, mp3, svg, woff, ttf, eot, webm, mp4, and woff2
[error] [2025-04-14T13:18:50.184Z] : × Below file formats are not allowed in Sigma
[info] [2025-04-14T13:18:50.187Z] :  ==> app\._Images
[info] [2025-04-14T13:18:50.188Z] :  ==> app\._translations
[info] [2025-04-14T13:18:50.190Z] : Note - File formats that can be packed are: txt, md, xml, dre, jpg, jpeg, png, gif, css, js, html, json, mp3, svg, woff, ttf, eot, webm, mp4, and woff2
[error] [2025-04-14T13:18:50.196Z] : × Below file formats are not allowed in Sigma
[info] [2025-04-14T13:18:50.197Z] :  ==> app\._Images
[info] [2025-04-14T13:18:50.197Z] :  ==> app\._translations
[info] [2025-04-14T13:18:50.198Z] : Note - File formats that can be packed are: txt, md, xml, dre, jpg, jpeg, png, gif, css, js, html, json, mp3, svg, woff, ttf, eot, webm, mp4, and woff2
[error] [2025-04-14T13:37:27.902Z] : × Below file formats are not allowed in Sigma
[info] [2025-04-14T13:37:27.906Z] :  ==> app\._Images
[info] [2025-04-14T13:37:27.907Z] :  ==> app\._translations
[info] [2025-04-14T13:37:27.908Z] :  ==> app\13Apr_backup.php
[info] [2025-04-14T13:37:27.909Z] : Note - File formats that can be packed are: txt, md, xml, dre, jpg, jpeg, png, gif, css, js, html, json, mp3, svg, woff, ttf, eot, webm, mp4, and woff2
[error] [2025-04-14T13:37:27.916Z] : × Below file formats are not allowed in Sigma
[info] [2025-04-14T13:37:27.917Z] :  ==> app\._Images
[info] [2025-04-14T13:37:27.918Z] :  ==> app\._translations
[info] [2025-04-14T13:37:27.919Z] :  ==> app\13Apr_backup.php
[info] [2025-04-14T13:37:27.920Z] : Note - File formats that can be packed are: txt, md, xml, dre, jpg, jpeg, png, gif, css, js, html, json, mp3, svg, woff, ttf, eot, webm, mp4, and woff2
[error] [2025-04-14T13:43:55.312Z] : × Below file formats are not allowed in Sigma
[info] [2025-04-14T13:43:55.315Z] :  ==> app\._Images
[info] [2025-04-14T13:43:55.316Z] :  ==> app\._translations
[info] [2025-04-14T13:43:55.317Z] :  ==> app\13Apr_backup.php
[info] [2025-04-14T13:43:55.317Z] : Note - File formats that can be packed are: txt, md, xml, dre, jpg, jpeg, png, gif, css, js, html, json, mp3, svg, woff, ttf, eot, webm, mp4, and woff2
[error] [2025-04-14T13:43:55.326Z] : × Below file formats are not allowed in Sigma
[info] [2025-04-14T13:43:55.327Z] :  ==> app\._Images
[info] [2025-04-14T13:43:55.328Z] :  ==> app\._translations
[info] [2025-04-14T13:43:55.329Z] :  ==> app\13Apr_backup.php
[info] [2025-04-14T13:43:55.330Z] : Note - File formats that can be packed are: txt, md, xml, dre, jpg, jpeg, png, gif, css, js, html, json, mp3, svg, woff, ttf, eot, webm, mp4, and woff2
[error] [2025-04-14T13:53:28.969Z] : × Below file formats are not allowed in Sigma
[info] [2025-04-14T13:53:28.996Z] :  ==> app\._Images
[info] [2025-04-14T13:53:28.997Z] :  ==> app\._translations
[info] [2025-04-14T13:53:28.998Z] :  ==> app\13Apr_backup.php
[info] [2025-04-14T13:53:28.999Z] : Note - File formats that can be packed are: txt, md, xml, dre, jpg, jpeg, png, gif, css, js, html, json, mp3, svg, woff, ttf, eot, webm, mp4, and woff2
[error] [2025-04-14T13:53:29.011Z] : × Below file formats are not allowed in Sigma
[info] [2025-04-14T13:53:29.012Z] :  ==> app\._Images
[info] [2025-04-14T13:53:29.013Z] :  ==> app\._translations
[info] [2025-04-14T13:53:29.014Z] :  ==> app\13Apr_backup.php
[info] [2025-04-14T13:53:29.015Z] : Note - File formats that can be packed are: txt, md, xml, dre, jpg, jpeg, png, gif, css, js, html, json, mp3, svg, woff, ttf, eot, webm, mp4, and woff2
[error] [2025-04-14T13:57:16.878Z] : × Below file formats are not allowed in Sigma
[info] [2025-04-14T13:57:16.881Z] :  ==> app\._Images
[info] [2025-04-14T13:57:16.882Z] :  ==> app\._translations
[info] [2025-04-14T13:57:16.882Z] :  ==> app\13Apr_backup.php
[info] [2025-04-14T13:57:16.883Z] : Note - File formats that can be packed are: txt, md, xml, dre, jpg, jpeg, png, gif, css, js, html, json, mp3, svg, woff, ttf, eot, webm, mp4, and woff2
[error] [2025-04-14T13:57:16.891Z] : × Below file formats are not allowed in Sigma
[info] [2025-04-14T13:57:16.892Z] :  ==> app\._Images
[info] [2025-04-14T13:57:16.892Z] :  ==> app\._translations
[info] [2025-04-14T13:57:16.893Z] :  ==> app\13Apr_backup.php
[info] [2025-04-14T13:57:16.895Z] : Note - File formats that can be packed are: txt, md, xml, dre, jpg, jpeg, png, gif, css, js, html, json, mp3, svg, woff, ttf, eot, webm, mp4, and woff2
[error] [2025-04-14T13:58:28.992Z] : × Below file formats are not allowed in Sigma
[info] [2025-04-14T13:58:28.995Z] :  ==> app\._Images
[info] [2025-04-14T13:58:28.995Z] :  ==> app\._translations
[info] [2025-04-14T13:58:28.996Z] :  ==> app\13Apr_backup.php
[info] [2025-04-14T13:58:28.997Z] : Note - File formats that can be packed are: txt, md, xml, dre, jpg, jpeg, png, gif, css, js, html, json, mp3, svg, woff, ttf, eot, webm, mp4, and woff2
[error] [2025-04-14T13:58:29.003Z] : × Below file formats are not allowed in Sigma
[info] [2025-04-14T13:58:29.005Z] :  ==> app\._Images
[info] [2025-04-14T13:58:29.006Z] :  ==> app\._translations
[info] [2025-04-14T13:58:29.007Z] :  ==> app\13Apr_backup.php
[info] [2025-04-14T13:58:29.007Z] : Note - File formats that can be packed are: txt, md, xml, dre, jpg, jpeg, png, gif, css, js, html, json, mp3, svg, woff, ttf, eot, webm, mp4, and woff2
[error] [2025-04-14T14:01:22.575Z] : × Below file formats are not allowed in Sigma
[info] [2025-04-14T14:01:22.578Z] :  ==> app\._Images
[info] [2025-04-14T14:01:22.579Z] :  ==> app\._translations
[info] [2025-04-14T14:01:22.579Z] :  ==> app\13Apr_backup.php
[info] [2025-04-14T14:01:22.580Z] : Note - File formats that can be packed are: txt, md, xml, dre, jpg, jpeg, png, gif, css, js, html, json, mp3, svg, woff, ttf, eot, webm, mp4, and woff2
[error] [2025-04-14T14:01:22.586Z] : × Below file formats are not allowed in Sigma
[info] [2025-04-14T14:01:22.587Z] :  ==> app\._Images
[info] [2025-04-14T14:01:22.588Z] :  ==> app\._translations
[info] [2025-04-14T14:01:22.588Z] :  ==> app\13Apr_backup.php
[info] [2025-04-14T14:01:22.590Z] : Note - File formats that can be packed are: txt, md, xml, dre, jpg, jpeg, png, gif, css, js, html, json, mp3, svg, woff, ttf, eot, webm, mp4, and woff2
[error] [2025-04-14T14:05:14.414Z] : × Below file formats are not allowed in Sigma
[info] [2025-04-14T14:05:14.435Z] :  ==> app\._Images
[info] [2025-04-14T14:05:14.436Z] :  ==> app\._translations
[info] [2025-04-14T14:05:14.437Z] :  ==> app\13Apr_backup.php
[info] [2025-04-14T14:05:14.438Z] : Note - File formats that can be packed are: txt, md, xml, dre, jpg, jpeg, png, gif, css, js, html, json, mp3, svg, woff, ttf, eot, webm, mp4, and woff2
[error] [2025-04-14T14:05:14.445Z] : × Below file formats are not allowed in Sigma
[info] [2025-04-14T14:05:14.446Z] :  ==> app\._Images
[info] [2025-04-14T14:05:14.447Z] :  ==> app\._translations
[info] [2025-04-14T14:05:14.449Z] :  ==> app\13Apr_backup.php
[info] [2025-04-14T14:05:14.451Z] : Note - File formats that can be packed are: txt, md, xml, dre, jpg, jpeg, png, gif, css, js, html, json, mp3, svg, woff, ttf, eot, webm, mp4, and woff2
[error] [2025-04-14T14:09:00.944Z] : × Below file formats are not allowed in Sigma
[info] [2025-04-14T14:09:00.947Z] :  ==> app\._Images
[info] [2025-04-14T14:09:00.948Z] :  ==> app\._translations
[info] [2025-04-14T14:09:00.949Z] :  ==> app\13Apr_backup.php
[info] [2025-04-14T14:09:00.950Z] : Note - File formats that can be packed are: txt, md, xml, dre, jpg, jpeg, png, gif, css, js, html, json, mp3, svg, woff, ttf, eot, webm, mp4, and woff2
[error] [2025-04-14T14:09:00.956Z] : × Below file formats are not allowed in Sigma
[info] [2025-04-14T14:09:00.957Z] :  ==> app\._Images
[info] [2025-04-14T14:09:00.958Z] :  ==> app\._translations
[info] [2025-04-14T14:09:00.958Z] :  ==> app\13Apr_backup.php
[info] [2025-04-14T14:09:00.960Z] : Note - File formats that can be packed are: txt, md, xml, dre, jpg, jpeg, png, gif, css, js, html, json, mp3, svg, woff, ttf, eot, webm, mp4, and woff2
[error] [2025-04-14T14:20:12.231Z] : × Below file formats are not allowed in Sigma
[info] [2025-04-14T14:20:12.238Z] :  ==> app\._Images
[info] [2025-04-14T14:20:12.240Z] :  ==> app\._translations
[info] [2025-04-14T14:20:12.241Z] :  ==> app\13Apr_backup.php
[info] [2025-04-14T14:20:12.242Z] : Note - File formats that can be packed are: txt, md, xml, dre, jpg, jpeg, png, gif, css, js, html, json, mp3, svg, woff, ttf, eot, webm, mp4, and woff2
[error] [2025-04-14T14:20:12.249Z] : × Below file formats are not allowed in Sigma
[info] [2025-04-14T14:20:12.250Z] :  ==> app\._Images
[info] [2025-04-14T14:20:12.251Z] :  ==> app\._translations
[info] [2025-04-14T14:20:12.252Z] :  ==> app\13Apr_backup.php
[info] [2025-04-14T14:20:12.253Z] : Note - File formats that can be packed are: txt, md, xml, dre, jpg, jpeg, png, gif, css, js, html, json, mp3, svg, woff, ttf, eot, webm, mp4, and woff2
[error] [2025-04-14T14:27:23.330Z] : × Below file formats are not allowed in Sigma
[info] [2025-04-14T14:27:23.332Z] :  ==> app\._Images
[info] [2025-04-14T14:27:23.333Z] :  ==> app\._translations
[info] [2025-04-14T14:27:23.333Z] :  ==> app\13Apr_backup.php
[info] [2025-04-14T14:27:23.334Z] : Note - File formats that can be packed are: txt, md, xml, dre, jpg, jpeg, png, gif, css, js, html, json, mp3, svg, woff, ttf, eot, webm, mp4, and woff2
[error] [2025-04-14T14:27:23.339Z] : × Below file formats are not allowed in Sigma
[info] [2025-04-14T14:27:23.339Z] :  ==> app\._Images
[info] [2025-04-14T14:27:23.340Z] :  ==> app\._translations
[info] [2025-04-14T14:27:23.340Z] :  ==> app\13Apr_backup.php
[info] [2025-04-14T14:27:23.341Z] : Note - File formats that can be packed are: txt, md, xml, dre, jpg, jpeg, png, gif, css, js, html, json, mp3, svg, woff, ttf, eot, webm, mp4, and woff2
[error] [2025-04-14T14:28:45.893Z] : × Below file formats are not allowed in Sigma
[info] [2025-04-14T14:28:45.895Z] :  ==> app\._Images
[info] [2025-04-14T14:28:45.896Z] :  ==> app\._translations
[info] [2025-04-14T14:28:45.897Z] :  ==> app\13Apr_backup.php
[info] [2025-04-14T14:28:45.897Z] : Note - File formats that can be packed are: txt, md, xml, dre, jpg, jpeg, png, gif, css, js, html, json, mp3, svg, woff, ttf, eot, webm, mp4, and woff2
[error] [2025-04-14T14:28:45.903Z] : × Below file formats are not allowed in Sigma
[info] [2025-04-14T14:28:45.904Z] :  ==> app\._Images
[info] [2025-04-14T14:28:45.904Z] :  ==> app\._translations
[info] [2025-04-14T14:28:45.905Z] :  ==> app\13Apr_backup.php
[info] [2025-04-14T14:28:45.906Z] : Note - File formats that can be packed are: txt, md, xml, dre, jpg, jpeg, png, gif, css, js, html, json, mp3, svg, woff, ttf, eot, webm, mp4, and woff2
[error] [2025-04-14T14:33:12.851Z] : × Below file formats are not allowed in Sigma
[info] [2025-04-14T14:33:12.854Z] :  ==> app\._Images
[info] [2025-04-14T14:33:12.855Z] :  ==> app\._translations
[info] [2025-04-14T14:33:12.856Z] :  ==> app\13Apr_backup.php
[info] [2025-04-14T14:33:12.856Z] : Note - File formats that can be packed are: txt, md, xml, dre, jpg, jpeg, png, gif, css, js, html, json, mp3, svg, woff, ttf, eot, webm, mp4, and woff2
[error] [2025-04-14T14:33:12.861Z] : × Below file formats are not allowed in Sigma
[info] [2025-04-14T14:33:12.862Z] :  ==> app\._Images
[info] [2025-04-14T14:33:12.863Z] :  ==> app\._translations
[info] [2025-04-14T14:33:12.864Z] :  ==> app\13Apr_backup.php
[info] [2025-04-14T14:33:12.865Z] : Note - File formats that can be packed are: txt, md, xml, dre, jpg, jpeg, png, gif, css, js, html, json, mp3, svg, woff, ttf, eot, webm, mp4, and woff2
[error] [2025-04-14T14:36:30.296Z] : × Below file formats are not allowed in Sigma
[info] [2025-04-14T14:36:30.299Z] :  ==> app\._Images
[info] [2025-04-14T14:36:30.299Z] :  ==> app\._translations
[info] [2025-04-14T14:36:30.300Z] :  ==> app\13Apr_backup.php
[info] [2025-04-14T14:36:30.301Z] : Note - File formats that can be packed are: txt, md, xml, dre, jpg, jpeg, png, gif, css, js, html, json, mp3, svg, woff, ttf, eot, webm, mp4, and woff2
[error] [2025-04-14T14:36:30.306Z] : × Below file formats are not allowed in Sigma
[info] [2025-04-14T14:36:30.307Z] :  ==> app\._Images
[info] [2025-04-14T14:36:30.308Z] :  ==> app\._translations
[info] [2025-04-14T14:36:30.309Z] :  ==> app\13Apr_backup.php
[info] [2025-04-14T14:36:30.310Z] : Note - File formats that can be packed are: txt, md, xml, dre, jpg, jpeg, png, gif, css, js, html, json, mp3, svg, woff, ttf, eot, webm, mp4, and woff2
[error] [2025-04-14T14:38:41.425Z] : × Below file formats are not allowed in Sigma
[info] [2025-04-14T14:38:41.428Z] :  ==> app\._Images
[info] [2025-04-14T14:38:41.429Z] :  ==> app\._translations
[info] [2025-04-14T14:38:41.429Z] :  ==> app\13Apr_backup.php
[info] [2025-04-14T14:38:41.430Z] : Note - File formats that can be packed are: txt, md, xml, dre, jpg, jpeg, png, gif, css, js, html, json, mp3, svg, woff, ttf, eot, webm, mp4, and woff2
[error] [2025-04-14T14:38:41.435Z] : × Below file formats are not allowed in Sigma
[info] [2025-04-14T14:38:41.435Z] :  ==> app\._Images
[info] [2025-04-14T14:38:41.436Z] :  ==> app\._translations
[info] [2025-04-14T14:38:41.436Z] :  ==> app\13Apr_backup.php
[info] [2025-04-14T14:38:41.437Z] : Note - File formats that can be packed are: txt, md, xml, dre, jpg, jpeg, png, gif, css, js, html, json, mp3, svg, woff, ttf, eot, webm, mp4, and woff2
[error] [2025-04-14T14:40:29.512Z] : × Below file formats are not allowed in Sigma
[info] [2025-04-14T14:40:29.515Z] :  ==> app\._Images
[info] [2025-04-14T14:40:29.516Z] :  ==> app\._translations
[info] [2025-04-14T14:40:29.516Z] :  ==> app\13Apr_backup.php
[info] [2025-04-14T14:40:29.517Z] : Note - File formats that can be packed are: txt, md, xml, dre, jpg, jpeg, png, gif, css, js, html, json, mp3, svg, woff, ttf, eot, webm, mp4, and woff2
[error] [2025-04-14T14:40:29.523Z] : × Below file formats are not allowed in Sigma
[info] [2025-04-14T14:40:29.524Z] :  ==> app\._Images
[info] [2025-04-14T14:40:29.525Z] :  ==> app\._translations
[info] [2025-04-14T14:40:29.525Z] :  ==> app\13Apr_backup.php
[info] [2025-04-14T14:40:29.526Z] : Note - File formats that can be packed are: txt, md, xml, dre, jpg, jpeg, png, gif, css, js, html, json, mp3, svg, woff, ttf, eot, webm, mp4, and woff2
[error] [2025-04-14T14:40:56.282Z] : × Below file formats are not allowed in Sigma
[info] [2025-04-14T14:40:56.285Z] :  ==> app\._Images
[info] [2025-04-14T14:40:56.286Z] :  ==> app\._translations
[info] [2025-04-14T14:40:56.287Z] :  ==> app\13Apr_backup.php
[info] [2025-04-14T14:40:56.288Z] : Note - File formats that can be packed are: txt, md, xml, dre, jpg, jpeg, png, gif, css, js, html, json, mp3, svg, woff, ttf, eot, webm, mp4, and woff2
[error] [2025-04-14T14:40:56.294Z] : × Below file formats are not allowed in Sigma
[info] [2025-04-14T14:40:56.295Z] :  ==> app\._Images
[info] [2025-04-14T14:40:56.296Z] :  ==> app\._translations
[info] [2025-04-14T14:40:56.297Z] :  ==> app\13Apr_backup.php
[info] [2025-04-14T14:40:56.298Z] : Note - File formats that can be packed are: txt, md, xml, dre, jpg, jpeg, png, gif, css, js, html, json, mp3, svg, woff, ttf, eot, webm, mp4, and woff2
[error] [2025-04-14T14:42:51.105Z] : × Below file formats are not allowed in Sigma
[info] [2025-04-14T14:42:51.108Z] :  ==> app\._Images
[info] [2025-04-14T14:42:51.109Z] :  ==> app\._translations
[info] [2025-04-14T14:42:51.109Z] :  ==> app\13Apr_backup.php
[info] [2025-04-14T14:42:51.110Z] : Note - File formats that can be packed are: txt, md, xml, dre, jpg, jpeg, png, gif, css, js, html, json, mp3, svg, woff, ttf, eot, webm, mp4, and woff2
[error] [2025-04-14T14:42:51.115Z] : × Below file formats are not allowed in Sigma
[info] [2025-04-14T14:42:51.116Z] :  ==> app\._Images
[info] [2025-04-14T14:42:51.117Z] :  ==> app\._translations
[info] [2025-04-14T14:42:51.117Z] :  ==> app\13Apr_backup.php
[info] [2025-04-14T14:42:51.118Z] : Note - File formats that can be packed are: txt, md, xml, dre, jpg, jpeg, png, gif, css, js, html, json, mp3, svg, woff, ttf, eot, webm, mp4, and woff2
[error] [2025-04-14T14:43:45.008Z] : × Below file formats are not allowed in Sigma
[info] [2025-04-14T14:43:45.011Z] :  ==> app\._Images
[info] [2025-04-14T14:43:45.011Z] :  ==> app\._translations
[info] [2025-04-14T14:43:45.011Z] :  ==> app\13Apr_backup.php
[info] [2025-04-14T14:43:45.012Z] : Note - File formats that can be packed are: txt, md, xml, dre, jpg, jpeg, png, gif, css, js, html, json, mp3, svg, woff, ttf, eot, webm, mp4, and woff2
[error] [2025-04-14T14:43:45.018Z] : × Below file formats are not allowed in Sigma
[info] [2025-04-14T14:43:45.019Z] :  ==> app\._Images
[info] [2025-04-14T14:43:45.020Z] :  ==> app\._translations
[info] [2025-04-14T14:43:45.020Z] :  ==> app\13Apr_backup.php
[info] [2025-04-14T14:43:45.021Z] : Note - File formats that can be packed are: txt, md, xml, dre, jpg, jpeg, png, gif, css, js, html, json, mp3, svg, woff, ttf, eot, webm, mp4, and woff2
[error] [2025-04-14T14:45:22.598Z] : × Below file formats are not allowed in Sigma
[info] [2025-04-14T14:45:22.601Z] :  ==> app\._Images
[info] [2025-04-14T14:45:22.602Z] :  ==> app\._translations
[info] [2025-04-14T14:45:22.602Z] :  ==> app\13Apr_backup.php
[info] [2025-04-14T14:45:22.603Z] : Note - File formats that can be packed are: txt, md, xml, dre, jpg, jpeg, png, gif, css, js, html, json, mp3, svg, woff, ttf, eot, webm, mp4, and woff2
[error] [2025-04-14T14:45:22.608Z] : × Below file formats are not allowed in Sigma
[info] [2025-04-14T14:45:22.608Z] :  ==> app\._Images
[info] [2025-04-14T14:45:22.609Z] :  ==> app\._translations
[info] [2025-04-14T14:45:22.610Z] :  ==> app\13Apr_backup.php
[info] [2025-04-14T14:45:22.610Z] : Note - File formats that can be packed are: txt, md, xml, dre, jpg, jpeg, png, gif, css, js, html, json, mp3, svg, woff, ttf, eot, webm, mp4, and woff2
[error] [2025-04-14T14:51:57.668Z] : × Below file formats are not allowed in Sigma
[info] [2025-04-14T14:51:57.672Z] :  ==> app\._Images
[info] [2025-04-14T14:51:57.673Z] :  ==> app\._translations
[info] [2025-04-14T14:51:57.673Z] :  ==> app\13Apr_backup.php
[info] [2025-04-14T14:51:57.674Z] : Note - File formats that can be packed are: txt, md, xml, dre, jpg, jpeg, png, gif, css, js, html, json, mp3, svg, woff, ttf, eot, webm, mp4, and woff2
[error] [2025-04-14T14:51:57.679Z] : × Below file formats are not allowed in Sigma
[info] [2025-04-14T14:51:57.680Z] :  ==> app\._Images
[info] [2025-04-14T14:51:57.680Z] :  ==> app\._translations
[info] [2025-04-14T14:51:57.681Z] :  ==> app\13Apr_backup.php
[info] [2025-04-14T14:51:57.682Z] : Note - File formats that can be packed are: txt, md, xml, dre, jpg, jpeg, png, gif, css, js, html, json, mp3, svg, woff, ttf, eot, webm, mp4, and woff2
[error] [2025-04-14T14:53:11.012Z] : × Below file formats are not allowed in Sigma
[info] [2025-04-14T14:53:11.015Z] :  ==> app\._Images
[info] [2025-04-14T14:53:11.015Z] :  ==> app\._translations
[info] [2025-04-14T14:53:11.016Z] :  ==> app\13Apr_backup.php
[info] [2025-04-14T14:53:11.017Z] : Note - File formats that can be packed are: txt, md, xml, dre, jpg, jpeg, png, gif, css, js, html, json, mp3, svg, woff, ttf, eot, webm, mp4, and woff2
[error] [2025-04-14T14:53:11.023Z] : × Below file formats are not allowed in Sigma
[info] [2025-04-14T14:53:11.025Z] :  ==> app\._Images
[info] [2025-04-14T14:53:11.025Z] :  ==> app\._translations
[info] [2025-04-14T14:53:11.026Z] :  ==> app\13Apr_backup.php
[info] [2025-04-14T14:53:11.027Z] : Note - File formats that can be packed are: txt, md, xml, dre, jpg, jpeg, png, gif, css, js, html, json, mp3, svg, woff, ttf, eot, webm, mp4, and woff2
[error] [2025-04-14T14:58:41.168Z] : × Below file formats are not allowed in Sigma
[info] [2025-04-14T14:58:41.172Z] :  ==> app\._Images
[info] [2025-04-14T14:58:41.173Z] :  ==> app\._translations
[info] [2025-04-14T14:58:41.173Z] :  ==> app\13Apr_backup.php
[info] [2025-04-14T14:58:41.174Z] : Note - File formats that can be packed are: txt, md, xml, dre, jpg, jpeg, png, gif, css, js, html, json, mp3, svg, woff, ttf, eot, webm, mp4, and woff2
[error] [2025-04-14T14:58:41.183Z] : × Below file formats are not allowed in Sigma
[info] [2025-04-14T14:58:41.183Z] :  ==> app\._Images
[info] [2025-04-14T14:58:41.184Z] :  ==> app\._translations
[info] [2025-04-14T14:58:41.186Z] :  ==> app\13Apr_backup.php
[info] [2025-04-14T14:58:41.187Z] : Note - File formats that can be packed are: txt, md, xml, dre, jpg, jpeg, png, gif, css, js, html, json, mp3, svg, woff, ttf, eot, webm, mp4, and woff2
[error] [2025-04-14T14:59:47.452Z] : × Below file formats are not allowed in Sigma
[info] [2025-04-14T14:59:47.456Z] :  ==> app\._Images
[info] [2025-04-14T14:59:47.456Z] :  ==> app\._translations
[info] [2025-04-14T14:59:47.457Z] :  ==> app\13Apr_backup.php
[info] [2025-04-14T14:59:47.457Z] : Note - File formats that can be packed are: txt, md, xml, dre, jpg, jpeg, png, gif, css, js, html, json, mp3, svg, woff, ttf, eot, webm, mp4, and woff2
[error] [2025-04-14T14:59:47.464Z] : × Below file formats are not allowed in Sigma
[info] [2025-04-14T14:59:47.465Z] :  ==> app\._Images
[info] [2025-04-14T14:59:47.465Z] :  ==> app\._translations
[info] [2025-04-14T14:59:47.466Z] :  ==> app\13Apr_backup.php
[info] [2025-04-14T14:59:47.466Z] : Note - File formats that can be packed are: txt, md, xml, dre, jpg, jpeg, png, gif, css, js, html, json, mp3, svg, woff, ttf, eot, webm, mp4, and woff2
[error] [2025-04-14T15:04:12.648Z] : × Below file formats are not allowed in Sigma
[info] [2025-04-14T15:04:12.654Z] :  ==> app\._Images
[info] [2025-04-14T15:04:12.655Z] :  ==> app\._translations
[info] [2025-04-14T15:04:12.656Z] :  ==> app\13Apr_backup.php
[info] [2025-04-14T15:04:12.657Z] : Note - File formats that can be packed are: txt, md, xml, dre, jpg, jpeg, png, gif, css, js, html, json, mp3, svg, woff, ttf, eot, webm, mp4, and woff2
[error] [2025-04-14T15:04:12.664Z] : × Below file formats are not allowed in Sigma
[info] [2025-04-14T15:04:12.665Z] :  ==> app\._Images
[info] [2025-04-14T15:04:12.667Z] :  ==> app\._translations
[info] [2025-04-14T15:04:12.668Z] :  ==> app\13Apr_backup.php
[info] [2025-04-14T15:04:12.669Z] : Note - File formats that can be packed are: txt, md, xml, dre, jpg, jpeg, png, gif, css, js, html, json, mp3, svg, woff, ttf, eot, webm, mp4, and woff2
[error] [2025-04-14T15:19:49.957Z] : × Below file formats are not allowed in Sigma
[info] [2025-04-14T15:19:49.970Z] :  ==> app\._Images
[info] [2025-04-14T15:19:49.971Z] :  ==> app\._translations
[info] [2025-04-14T15:19:49.972Z] :  ==> app\13Apr_backup.php
[info] [2025-04-14T15:19:49.972Z] : Note - File formats that can be packed are: txt, md, xml, dre, jpg, jpeg, png, gif, css, js, html, json, mp3, svg, woff, ttf, eot, webm, mp4, and woff2
[error] [2025-04-14T15:19:49.979Z] : × Below file formats are not allowed in Sigma
[info] [2025-04-14T15:19:49.980Z] :  ==> app\._Images
[info] [2025-04-14T15:19:49.980Z] :  ==> app\._translations
[info] [2025-04-14T15:19:49.981Z] :  ==> app\13Apr_backup.php
[info] [2025-04-14T15:19:49.981Z] : Note - File formats that can be packed are: txt, md, xml, dre, jpg, jpeg, png, gif, css, js, html, json, mp3, svg, woff, ttf, eot, webm, mp4, and woff2
[error] [2025-04-14T15:23:49.968Z] : × Below file formats are not allowed in Sigma
[info] [2025-04-14T15:23:49.978Z] :  ==> app\._Images
[info] [2025-04-14T15:23:49.979Z] :  ==> app\._translations
[info] [2025-04-14T15:23:49.981Z] :  ==> app\13Apr_backup.php
[info] [2025-04-14T15:23:49.983Z] : Note - File formats that can be packed are: txt, md, xml, dre, jpg, jpeg, png, gif, css, js, html, json, mp3, svg, woff, ttf, eot, webm, mp4, and woff2
[error] [2025-04-14T15:23:49.996Z] : × Below file formats are not allowed in Sigma
[info] [2025-04-14T15:23:50.000Z] :  ==> app\._Images
[info] [2025-04-14T15:23:50.002Z] :  ==> app\._translations
[info] [2025-04-14T15:23:50.004Z] :  ==> app\13Apr_backup.php
[info] [2025-04-14T15:23:50.005Z] : Note - File formats that can be packed are: txt, md, xml, dre, jpg, jpeg, png, gif, css, js, html, json, mp3, svg, woff, ttf, eot, webm, mp4, and woff2
[error] [2025-04-14T15:25:26.289Z] : × Below file formats are not allowed in Sigma
[info] [2025-04-14T15:25:26.292Z] :  ==> app\._Images
[info] [2025-04-14T15:25:26.292Z] :  ==> app\._translations
[info] [2025-04-14T15:25:26.293Z] :  ==> app\13Apr_backup.php
[info] [2025-04-14T15:25:26.293Z] : Note - File formats that can be packed are: txt, md, xml, dre, jpg, jpeg, png, gif, css, js, html, json, mp3, svg, woff, ttf, eot, webm, mp4, and woff2
[error] [2025-04-14T15:25:26.299Z] : × Below file formats are not allowed in Sigma
[info] [2025-04-14T15:25:26.300Z] :  ==> app\._Images
[info] [2025-04-14T15:25:26.301Z] :  ==> app\._translations
[info] [2025-04-14T15:25:26.302Z] :  ==> app\13Apr_backup.php
[info] [2025-04-14T15:25:26.304Z] : Note - File formats that can be packed are: txt, md, xml, dre, jpg, jpeg, png, gif, css, js, html, json, mp3, svg, woff, ttf, eot, webm, mp4, and woff2
[error] [2025-04-14T15:26:12.336Z] : × Below file formats are not allowed in Sigma
[info] [2025-04-14T15:26:12.340Z] :  ==> app\._Images
[info] [2025-04-14T15:26:12.341Z] :  ==> app\._translations
[info] [2025-04-14T15:26:12.342Z] :  ==> app\13Apr_backup.php
[info] [2025-04-14T15:26:12.343Z] : Note - File formats that can be packed are: txt, md, xml, dre, jpg, jpeg, png, gif, css, js, html, json, mp3, svg, woff, ttf, eot, webm, mp4, and woff2
[error] [2025-04-14T15:26:12.351Z] : × Below file formats are not allowed in Sigma
[info] [2025-04-14T15:26:12.353Z] :  ==> app\._Images
[info] [2025-04-14T15:26:12.355Z] :  ==> app\._translations
[info] [2025-04-14T15:26:12.356Z] :  ==> app\13Apr_backup.php
[info] [2025-04-14T15:26:12.356Z] : Note - File formats that can be packed are: txt, md, xml, dre, jpg, jpeg, png, gif, css, js, html, json, mp3, svg, woff, ttf, eot, webm, mp4, and woff2
[error] [2025-04-15T12:13:40.073Z] : × Below file formats are not allowed in Sigma
[info] [2025-04-15T12:13:40.079Z] :  ==> app\._Images
[info] [2025-04-15T12:13:40.081Z] :  ==> app\._translations
[info] [2025-04-15T12:13:40.081Z] :  ==> app\13Apr_backup.php
[info] [2025-04-15T12:13:40.083Z] : Note - File formats that can be packed are: txt, md, xml, dre, jpg, jpeg, png, gif, css, js, html, json, mp3, svg, woff, ttf, eot, webm, mp4, and woff2
[error] [2025-04-15T12:13:40.092Z] : × Below file formats are not allowed in Sigma
[info] [2025-04-15T12:13:40.093Z] :  ==> app\._Images
[info] [2025-04-15T12:13:40.093Z] :  ==> app\._translations
[info] [2025-04-15T12:13:40.094Z] :  ==> app\13Apr_backup.php
[info] [2025-04-15T12:13:40.095Z] : Note - File formats that can be packed are: txt, md, xml, dre, jpg, jpeg, png, gif, css, js, html, json, mp3, svg, woff, ttf, eot, webm, mp4, and woff2
[error] [2025-04-15T12:15:34.457Z] : × Below file formats are not allowed in Sigma
[info] [2025-04-15T12:15:34.460Z] :  ==> app\._Images
[info] [2025-04-15T12:15:34.462Z] :  ==> app\._translations
[info] [2025-04-15T12:15:34.463Z] :  ==> app\13Apr_backup.php
[info] [2025-04-15T12:15:34.464Z] : Note - File formats that can be packed are: txt, md, xml, dre, jpg, jpeg, png, gif, css, js, html, json, mp3, svg, woff, ttf, eot, webm, mp4, and woff2
[error] [2025-04-15T12:15:34.474Z] : × Below file formats are not allowed in Sigma
[info] [2025-04-15T12:15:34.475Z] :  ==> app\._Images
[info] [2025-04-15T12:15:34.476Z] :  ==> app\._translations
[info] [2025-04-15T12:15:34.478Z] :  ==> app\13Apr_backup.php
[info] [2025-04-15T12:15:34.479Z] : Note - File formats that can be packed are: txt, md, xml, dre, jpg, jpeg, png, gif, css, js, html, json, mp3, svg, woff, ttf, eot, webm, mp4, and woff2
[error] [2025-04-15T12:16:34.616Z] : × Below file formats are not allowed in Sigma
[info] [2025-04-15T12:16:34.620Z] :  ==> app\._Images
[info] [2025-04-15T12:16:34.620Z] :  ==> app\._translations
[info] [2025-04-15T12:16:34.621Z] :  ==> app\13Apr_backup.php
[info] [2025-04-15T12:16:34.622Z] : Note - File formats that can be packed are: txt, md, xml, dre, jpg, jpeg, png, gif, css, js, html, json, mp3, svg, woff, ttf, eot, webm, mp4, and woff2
[error] [2025-04-15T12:16:34.627Z] : × Below file formats are not allowed in Sigma
[info] [2025-04-15T12:16:34.627Z] :  ==> app\._Images
[info] [2025-04-15T12:16:34.628Z] :  ==> app\._translations
[info] [2025-04-15T12:16:34.628Z] :  ==> app\13Apr_backup.php
[info] [2025-04-15T12:16:34.629Z] : Note - File formats that can be packed are: txt, md, xml, dre, jpg, jpeg, png, gif, css, js, html, json, mp3, svg, woff, ttf, eot, webm, mp4, and woff2
[error] [2025-04-15T12:18:53.170Z] : × Below file formats are not allowed in Sigma
[info] [2025-04-15T12:18:53.173Z] :  ==> app\._Images
[info] [2025-04-15T12:18:53.173Z] :  ==> app\._translations
[info] [2025-04-15T12:18:53.174Z] :  ==> app\13Apr_backup.php
[info] [2025-04-15T12:18:53.174Z] : Note - File formats that can be packed are: txt, md, xml, dre, jpg, jpeg, png, gif, css, js, html, json, mp3, svg, woff, ttf, eot, webm, mp4, and woff2
[error] [2025-04-15T12:18:53.179Z] : × Below file formats are not allowed in Sigma
[info] [2025-04-15T12:18:53.180Z] :  ==> app\._Images
[info] [2025-04-15T12:18:53.181Z] :  ==> app\._translations
[info] [2025-04-15T12:18:53.182Z] :  ==> app\13Apr_backup.php
[info] [2025-04-15T12:18:53.184Z] : Note - File formats that can be packed are: txt, md, xml, dre, jpg, jpeg, png, gif, css, js, html, json, mp3, svg, woff, ttf, eot, webm, mp4, and woff2
[error] [2025-04-15T12:19:17.348Z] : × Below file formats are not allowed in Sigma
[info] [2025-04-15T12:19:17.351Z] :  ==> app\._Images
[info] [2025-04-15T12:19:17.352Z] :  ==> app\._translations
[info] [2025-04-15T12:19:17.353Z] :  ==> app\13Apr_backup.php
[info] [2025-04-15T12:19:17.354Z] : Note - File formats that can be packed are: txt, md, xml, dre, jpg, jpeg, png, gif, css, js, html, json, mp3, svg, woff, ttf, eot, webm, mp4, and woff2
[error] [2025-04-15T12:19:17.358Z] : × Below file formats are not allowed in Sigma
[info] [2025-04-15T12:19:17.359Z] :  ==> app\._Images
[info] [2025-04-15T12:19:17.359Z] :  ==> app\._translations
[info] [2025-04-15T12:19:17.360Z] :  ==> app\13Apr_backup.php
[info] [2025-04-15T12:19:17.361Z] : Note - File formats that can be packed are: txt, md, xml, dre, jpg, jpeg, png, gif, css, js, html, json, mp3, svg, woff, ttf, eot, webm, mp4, and woff2
[error] [2025-04-15T12:25:21.731Z] : × Below file formats are not allowed in Sigma
[info] [2025-04-15T12:25:21.745Z] :  ==> app\._Images
[info] [2025-04-15T12:25:21.746Z] :  ==> app\._translations
[info] [2025-04-15T12:25:21.747Z] :  ==> app\13Apr_backup.php
[info] [2025-04-15T12:25:21.747Z] : Note - File formats that can be packed are: txt, md, xml, dre, jpg, jpeg, png, gif, css, js, html, json, mp3, svg, woff, ttf, eot, webm, mp4, and woff2
[error] [2025-04-15T12:25:21.754Z] : × Below file formats are not allowed in Sigma
[info] [2025-04-15T12:25:21.754Z] :  ==> app\._Images
[info] [2025-04-15T12:25:21.755Z] :  ==> app\._translations
[info] [2025-04-15T12:25:21.755Z] :  ==> app\13Apr_backup.php
[info] [2025-04-15T12:25:21.756Z] : Note - File formats that can be packed are: txt, md, xml, dre, jpg, jpeg, png, gif, css, js, html, json, mp3, svg, woff, ttf, eot, webm, mp4, and woff2
[error] [2025-04-15T12:26:30.087Z] : × Below file formats are not allowed in Sigma
[info] [2025-04-15T12:26:30.090Z] :  ==> app\._Images
[info] [2025-04-15T12:26:30.091Z] :  ==> app\._translations
[info] [2025-04-15T12:26:30.091Z] :  ==> app\13Apr_backup.php
[info] [2025-04-15T12:26:30.092Z] : Note - File formats that can be packed are: txt, md, xml, dre, jpg, jpeg, png, gif, css, js, html, json, mp3, svg, woff, ttf, eot, webm, mp4, and woff2
[error] [2025-04-15T12:26:30.098Z] : × Below file formats are not allowed in Sigma
[info] [2025-04-15T12:26:30.099Z] :  ==> app\._Images
[info] [2025-04-15T12:26:30.100Z] :  ==> app\._translations
[info] [2025-04-15T12:26:30.100Z] :  ==> app\13Apr_backup.php
[info] [2025-04-15T12:26:30.101Z] : Note - File formats that can be packed are: txt, md, xml, dre, jpg, jpeg, png, gif, css, js, html, json, mp3, svg, woff, ttf, eot, webm, mp4, and woff2
[error] [2025-04-15T12:31:22.778Z] : × Below file formats are not allowed in Sigma
[info] [2025-04-15T12:31:22.781Z] :  ==> app\._Images
[info] [2025-04-15T12:31:22.781Z] :  ==> app\._translations
[info] [2025-04-15T12:31:22.782Z] :  ==> app\13Apr_backup.php
[info] [2025-04-15T12:31:22.783Z] : Note - File formats that can be packed are: txt, md, xml, dre, jpg, jpeg, png, gif, css, js, html, json, mp3, svg, woff, ttf, eot, webm, mp4, and woff2
[error] [2025-04-15T12:31:22.788Z] : × Below file formats are not allowed in Sigma
[info] [2025-04-15T12:31:22.789Z] :  ==> app\._Images
[info] [2025-04-15T12:31:22.790Z] :  ==> app\._translations
[info] [2025-04-15T12:31:22.791Z] :  ==> app\13Apr_backup.php
[info] [2025-04-15T12:31:22.791Z] : Note - File formats that can be packed are: txt, md, xml, dre, jpg, jpeg, png, gif, css, js, html, json, mp3, svg, woff, ttf, eot, webm, mp4, and woff2
[error] [2025-04-15T12:32:38.021Z] : × Below file formats are not allowed in Sigma
[info] [2025-04-15T12:32:38.024Z] :  ==> app\._Images
[info] [2025-04-15T12:32:38.025Z] :  ==> app\._translations
[info] [2025-04-15T12:32:38.026Z] :  ==> app\13Apr_backup.php
[info] [2025-04-15T12:32:38.027Z] : Note - File formats that can be packed are: txt, md, xml, dre, jpg, jpeg, png, gif, css, js, html, json, mp3, svg, woff, ttf, eot, webm, mp4, and woff2
[error] [2025-04-15T12:32:38.033Z] : × Below file formats are not allowed in Sigma
[info] [2025-04-15T12:32:38.033Z] :  ==> app\._Images
[info] [2025-04-15T12:32:38.034Z] :  ==> app\._translations
[info] [2025-04-15T12:32:38.034Z] :  ==> app\13Apr_backup.php
[info] [2025-04-15T12:32:38.035Z] : Note - File formats that can be packed are: txt, md, xml, dre, jpg, jpeg, png, gif, css, js, html, json, mp3, svg, woff, ttf, eot, webm, mp4, and woff2
[error] [2025-04-15T12:35:05.414Z] : × Below file formats are not allowed in Sigma
[info] [2025-04-15T12:35:05.417Z] :  ==> app\._Images
[info] [2025-04-15T12:35:05.418Z] :  ==> app\._translations
[info] [2025-04-15T12:35:05.419Z] :  ==> app\13Apr_backup.php
[info] [2025-04-15T12:35:05.420Z] : Note - File formats that can be packed are: txt, md, xml, dre, jpg, jpeg, png, gif, css, js, html, json, mp3, svg, woff, ttf, eot, webm, mp4, and woff2
[error] [2025-04-15T12:35:05.425Z] : × Below file formats are not allowed in Sigma
[info] [2025-04-15T12:35:05.425Z] :  ==> app\._Images
[info] [2025-04-15T12:35:05.426Z] :  ==> app\._translations
[info] [2025-04-15T12:35:05.426Z] :  ==> app\13Apr_backup.php
[info] [2025-04-15T12:35:05.427Z] : Note - File formats that can be packed are: txt, md, xml, dre, jpg, jpeg, png, gif, css, js, html, json, mp3, svg, woff, ttf, eot, webm, mp4, and woff2
[error] [2025-04-15T12:36:25.684Z] : × Below file formats are not allowed in Sigma
[info] [2025-04-15T12:36:25.686Z] :  ==> app\._Images
[info] [2025-04-15T12:36:25.687Z] :  ==> app\._translations
[info] [2025-04-15T12:36:25.688Z] :  ==> app\13Apr_backup.php
[info] [2025-04-15T12:36:25.688Z] : Note - File formats that can be packed are: txt, md, xml, dre, jpg, jpeg, png, gif, css, js, html, json, mp3, svg, woff, ttf, eot, webm, mp4, and woff2
[error] [2025-04-15T12:36:25.694Z] : × Below file formats are not allowed in Sigma
[info] [2025-04-15T12:36:25.695Z] :  ==> app\._Images
[info] [2025-04-15T12:36:25.695Z] :  ==> app\._translations
[info] [2025-04-15T12:36:25.696Z] :  ==> app\13Apr_backup.php
[info] [2025-04-15T12:36:25.697Z] : Note - File formats that can be packed are: txt, md, xml, dre, jpg, jpeg, png, gif, css, js, html, json, mp3, svg, woff, ttf, eot, webm, mp4, and woff2
[error] [2025-04-15T12:37:32.096Z] : × Below file formats are not allowed in Sigma
[info] [2025-04-15T12:37:32.099Z] :  ==> app\._Images
[info] [2025-04-15T12:37:32.100Z] :  ==> app\._translations
[info] [2025-04-15T12:37:32.101Z] :  ==> app\13Apr_backup.php
[info] [2025-04-15T12:37:32.101Z] : Note - File formats that can be packed are: txt, md, xml, dre, jpg, jpeg, png, gif, css, js, html, json, mp3, svg, woff, ttf, eot, webm, mp4, and woff2
[error] [2025-04-15T12:37:32.106Z] : × Below file formats are not allowed in Sigma
[info] [2025-04-15T12:37:32.107Z] :  ==> app\._Images
[info] [2025-04-15T12:37:32.107Z] :  ==> app\._translations
[info] [2025-04-15T12:37:32.108Z] :  ==> app\13Apr_backup.php
[info] [2025-04-15T12:37:32.109Z] : Note - File formats that can be packed are: txt, md, xml, dre, jpg, jpeg, png, gif, css, js, html, json, mp3, svg, woff, ttf, eot, webm, mp4, and woff2
[error] [2025-04-15T12:43:13.067Z] : × Below file formats are not allowed in Sigma
[info] [2025-04-15T12:43:13.071Z] :  ==> app\._Images
[info] [2025-04-15T12:43:13.071Z] :  ==> app\._translations
[info] [2025-04-15T12:43:13.072Z] :  ==> app\13Apr_backup.php
[info] [2025-04-15T12:43:13.073Z] : Note - File formats that can be packed are: txt, md, xml, dre, jpg, jpeg, png, gif, css, js, html, json, mp3, svg, woff, ttf, eot, webm, mp4, and woff2
[error] [2025-04-15T12:43:13.078Z] : × Below file formats are not allowed in Sigma
[info] [2025-04-15T12:43:13.079Z] :  ==> app\._Images
[info] [2025-04-15T12:43:13.080Z] :  ==> app\._translations
[info] [2025-04-15T12:43:13.080Z] :  ==> app\13Apr_backup.php
[info] [2025-04-15T12:43:13.081Z] : Note - File formats that can be packed are: txt, md, xml, dre, jpg, jpeg, png, gif, css, js, html, json, mp3, svg, woff, ttf, eot, webm, mp4, and woff2
[error] [2025-04-15T12:44:37.534Z] : × Below file formats are not allowed in Sigma
[info] [2025-04-15T12:44:37.537Z] :  ==> app\._Images
[info] [2025-04-15T12:44:37.537Z] :  ==> app\._translations
[info] [2025-04-15T12:44:37.538Z] :  ==> app\13Apr_backup.php
[info] [2025-04-15T12:44:37.539Z] : Note - File formats that can be packed are: txt, md, xml, dre, jpg, jpeg, png, gif, css, js, html, json, mp3, svg, woff, ttf, eot, webm, mp4, and woff2
[error] [2025-04-15T12:44:37.544Z] : × Below file formats are not allowed in Sigma
[info] [2025-04-15T12:44:37.545Z] :  ==> app\._Images
[info] [2025-04-15T12:44:37.545Z] :  ==> app\._translations
[info] [2025-04-15T12:44:37.546Z] :  ==> app\13Apr_backup.php
[info] [2025-04-15T12:44:37.547Z] : Note - File formats that can be packed are: txt, md, xml, dre, jpg, jpeg, png, gif, css, js, html, json, mp3, svg, woff, ttf, eot, webm, mp4, and woff2
[error] [2025-04-15T12:51:39.948Z] : × Below file formats are not allowed in Sigma
[info] [2025-04-15T12:51:39.951Z] :  ==> app\._Images
[info] [2025-04-15T12:51:39.952Z] :  ==> app\._translations
[info] [2025-04-15T12:51:39.953Z] :  ==> app\13Apr_backup.php
[info] [2025-04-15T12:51:39.954Z] : Note - File formats that can be packed are: txt, md, xml, dre, jpg, jpeg, png, gif, css, js, html, json, mp3, svg, woff, ttf, eot, webm, mp4, and woff2
[error] [2025-04-15T12:51:39.959Z] : × Below file formats are not allowed in Sigma
[info] [2025-04-15T12:51:39.960Z] :  ==> app\._Images
[info] [2025-04-15T12:51:39.960Z] :  ==> app\._translations
[info] [2025-04-15T12:51:39.961Z] :  ==> app\13Apr_backup.php
[info] [2025-04-15T12:51:39.961Z] : Note - File formats that can be packed are: txt, md, xml, dre, jpg, jpeg, png, gif, css, js, html, json, mp3, svg, woff, ttf, eot, webm, mp4, and woff2
[error] [2025-04-15T12:52:37.865Z] : × Below file formats are not allowed in Sigma
[info] [2025-04-15T12:52:37.868Z] :  ==> app\._Images
[info] [2025-04-15T12:52:37.868Z] :  ==> app\._translations
[info] [2025-04-15T12:52:37.869Z] :  ==> app\13Apr_backup.php
[info] [2025-04-15T12:52:37.870Z] : Note - File formats that can be packed are: txt, md, xml, dre, jpg, jpeg, png, gif, css, js, html, json, mp3, svg, woff, ttf, eot, webm, mp4, and woff2
[error] [2025-04-15T12:52:37.875Z] : × Below file formats are not allowed in Sigma
[info] [2025-04-15T12:52:37.876Z] :  ==> app\._Images
[info] [2025-04-15T12:52:37.876Z] :  ==> app\._translations
[info] [2025-04-15T12:52:37.877Z] :  ==> app\13Apr_backup.php
[info] [2025-04-15T12:52:37.878Z] : Note - File formats that can be packed are: txt, md, xml, dre, jpg, jpeg, png, gif, css, js, html, json, mp3, svg, woff, ttf, eot, webm, mp4, and woff2
[error] [2025-04-15T12:54:02.545Z] : × Below file formats are not allowed in Sigma
[info] [2025-04-15T12:54:02.548Z] :  ==> app\._Images
[info] [2025-04-15T12:54:02.548Z] :  ==> app\._translations
[info] [2025-04-15T12:54:02.549Z] :  ==> app\13Apr_backup.php
[info] [2025-04-15T12:54:02.550Z] : Note - File formats that can be packed are: txt, md, xml, dre, jpg, jpeg, png, gif, css, js, html, json, mp3, svg, woff, ttf, eot, webm, mp4, and woff2
[error] [2025-04-15T12:54:02.555Z] : × Below file formats are not allowed in Sigma
[info] [2025-04-15T12:54:02.556Z] :  ==> app\._Images
[info] [2025-04-15T12:54:02.557Z] :  ==> app\._translations
[info] [2025-04-15T12:54:02.558Z] :  ==> app\13Apr_backup.php
[info] [2025-04-15T12:54:02.559Z] : Note - File formats that can be packed are: txt, md, xml, dre, jpg, jpeg, png, gif, css, js, html, json, mp3, svg, woff, ttf, eot, webm, mp4, and woff2
[error] [2025-04-15T13:06:46.993Z] : × Below file formats are not allowed in Sigma
[info] [2025-04-15T13:06:46.995Z] :  ==> app\._Images
[info] [2025-04-15T13:06:46.996Z] :  ==> app\._translations
[info] [2025-04-15T13:06:46.996Z] :  ==> app\13Apr_backup.php
[info] [2025-04-15T13:06:46.997Z] : Note - File formats that can be packed are: txt, md, xml, dre, jpg, jpeg, png, gif, css, js, html, json, mp3, svg, woff, ttf, eot, webm, mp4, and woff2
[error] [2025-04-15T13:06:47.002Z] : × Below file formats are not allowed in Sigma
[info] [2025-04-15T13:06:47.003Z] :  ==> app\._Images
[info] [2025-04-15T13:06:47.003Z] :  ==> app\._translations
[info] [2025-04-15T13:06:47.004Z] :  ==> app\13Apr_backup.php
[info] [2025-04-15T13:06:47.005Z] : Note - File formats that can be packed are: txt, md, xml, dre, jpg, jpeg, png, gif, css, js, html, json, mp3, svg, woff, ttf, eot, webm, mp4, and woff2
[error] [2025-04-15T13:11:13.650Z] : × Below file formats are not allowed in Sigma
[info] [2025-04-15T13:11:13.653Z] :  ==> app\._Images
[info] [2025-04-15T13:11:13.653Z] :  ==> app\._translations
[info] [2025-04-15T13:11:13.654Z] :  ==> app\13Apr_backup.php
[info] [2025-04-15T13:11:13.655Z] : Note - File formats that can be packed are: txt, md, xml, dre, jpg, jpeg, png, gif, css, js, html, json, mp3, svg, woff, ttf, eot, webm, mp4, and woff2
[error] [2025-04-15T13:11:13.660Z] : × Below file formats are not allowed in Sigma
[info] [2025-04-15T13:11:13.661Z] :  ==> app\._Images
[info] [2025-04-15T13:11:13.662Z] :  ==> app\._translations
[info] [2025-04-15T13:11:13.663Z] :  ==> app\13Apr_backup.php
[info] [2025-04-15T13:11:13.663Z] : Note - File formats that can be packed are: txt, md, xml, dre, jpg, jpeg, png, gif, css, js, html, json, mp3, svg, woff, ttf, eot, webm, mp4, and woff2
[error] [2025-04-15T13:18:06.664Z] : × Below file formats are not allowed in Sigma
[info] [2025-04-15T13:18:06.667Z] :  ==> app\._Images
[info] [2025-04-15T13:18:06.668Z] :  ==> app\._translations
[info] [2025-04-15T13:18:06.669Z] :  ==> app\13Apr_backup.php
[info] [2025-04-15T13:18:06.669Z] : Note - File formats that can be packed are: txt, md, xml, dre, jpg, jpeg, png, gif, css, js, html, json, mp3, svg, woff, ttf, eot, webm, mp4, and woff2
[error] [2025-04-15T13:18:06.675Z] : × Below file formats are not allowed in Sigma
[info] [2025-04-15T13:18:06.676Z] :  ==> app\._Images
[info] [2025-04-15T13:18:06.676Z] :  ==> app\._translations
[info] [2025-04-15T13:18:06.677Z] :  ==> app\13Apr_backup.php
[info] [2025-04-15T13:18:06.678Z] : Note - File formats that can be packed are: txt, md, xml, dre, jpg, jpeg, png, gif, css, js, html, json, mp3, svg, woff, ttf, eot, webm, mp4, and woff2
[error] [2025-04-15T13:21:45.591Z] : × Below file formats are not allowed in Sigma
[info] [2025-04-15T13:21:45.594Z] :  ==> app\._Images
[info] [2025-04-15T13:21:45.594Z] :  ==> app\._translations
[info] [2025-04-15T13:21:45.595Z] :  ==> app\13Apr_backup.php
[info] [2025-04-15T13:21:45.596Z] : Note - File formats that can be packed are: txt, md, xml, dre, jpg, jpeg, png, gif, css, js, html, json, mp3, svg, woff, ttf, eot, webm, mp4, and woff2
[error] [2025-04-15T13:21:45.602Z] : × Below file formats are not allowed in Sigma
[info] [2025-04-15T13:21:45.602Z] :  ==> app\._Images
[info] [2025-04-15T13:21:45.603Z] :  ==> app\._translations
[info] [2025-04-15T13:21:45.604Z] :  ==> app\13Apr_backup.php
[info] [2025-04-15T13:21:45.604Z] : Note - File formats that can be packed are: txt, md, xml, dre, jpg, jpeg, png, gif, css, js, html, json, mp3, svg, woff, ttf, eot, webm, mp4, and woff2
[error] [2025-04-15T13:23:38.954Z] : × Below file formats are not allowed in Sigma
[info] [2025-04-15T13:23:38.959Z] :  ==> app\._Images
[info] [2025-04-15T13:23:38.959Z] :  ==> app\._translations
[info] [2025-04-15T13:23:38.960Z] :  ==> app\13Apr_backup.php
[info] [2025-04-15T13:23:38.961Z] : Note - File formats that can be packed are: txt, md, xml, dre, jpg, jpeg, png, gif, css, js, html, json, mp3, svg, woff, ttf, eot, webm, mp4, and woff2
[error] [2025-04-15T13:23:38.965Z] : × Below file formats are not allowed in Sigma
[info] [2025-04-15T13:23:38.966Z] :  ==> app\._Images
[info] [2025-04-15T13:23:38.966Z] :  ==> app\._translations
[info] [2025-04-15T13:23:38.967Z] :  ==> app\13Apr_backup.php
[info] [2025-04-15T13:23:38.967Z] : Note - File formats that can be packed are: txt, md, xml, dre, jpg, jpeg, png, gif, css, js, html, json, mp3, svg, woff, ttf, eot, webm, mp4, and woff2
[error] [2025-04-15T13:25:40.317Z] : × Below file formats are not allowed in Sigma
[info] [2025-04-15T13:25:40.320Z] :  ==> app\._Images
[info] [2025-04-15T13:25:40.321Z] :  ==> app\._translations
[info] [2025-04-15T13:25:40.321Z] :  ==> app\13Apr_backup.php
[info] [2025-04-15T13:25:40.322Z] : Note - File formats that can be packed are: txt, md, xml, dre, jpg, jpeg, png, gif, css, js, html, json, mp3, svg, woff, ttf, eot, webm, mp4, and woff2
[error] [2025-04-15T13:25:40.327Z] : × Below file formats are not allowed in Sigma
[info] [2025-04-15T13:25:40.328Z] :  ==> app\._Images
[info] [2025-04-15T13:25:40.328Z] :  ==> app\._translations
[info] [2025-04-15T13:25:40.329Z] :  ==> app\13Apr_backup.php
[info] [2025-04-15T13:25:40.330Z] : Note - File formats that can be packed are: txt, md, xml, dre, jpg, jpeg, png, gif, css, js, html, json, mp3, svg, woff, ttf, eot, webm, mp4, and woff2
[error] [2025-04-15T13:37:44.863Z] : × Below file formats are not allowed in Sigma
[info] [2025-04-15T13:37:44.865Z] :  ==> app\._Images
[info] [2025-04-15T13:37:44.866Z] :  ==> app\._translations
[info] [2025-04-15T13:37:44.867Z] :  ==> app\13Apr_backup.php
[info] [2025-04-15T13:37:44.868Z] : Note - File formats that can be packed are: txt, md, xml, dre, jpg, jpeg, png, gif, css, js, html, json, mp3, svg, woff, ttf, eot, webm, mp4, and woff2
[error] [2025-04-15T13:37:44.873Z] : × Below file formats are not allowed in Sigma
[info] [2025-04-15T13:37:44.874Z] :  ==> app\._Images
[info] [2025-04-15T13:37:44.875Z] :  ==> app\._translations
[info] [2025-04-15T13:37:44.876Z] :  ==> app\13Apr_backup.php
[info] [2025-04-15T13:37:44.876Z] : Note - File formats that can be packed are: txt, md, xml, dre, jpg, jpeg, png, gif, css, js, html, json, mp3, svg, woff, ttf, eot, webm, mp4, and woff2
[error] [2025-04-15T14:01:29.916Z] : × Below file formats are not allowed in Sigma
[info] [2025-04-15T14:01:29.920Z] :  ==> app\._Images
[info] [2025-04-15T14:01:29.921Z] :  ==> app\._translations
[info] [2025-04-15T14:01:29.922Z] :  ==> app\13Apr_backup.php
[info] [2025-04-15T14:01:29.923Z] : Note - File formats that can be packed are: txt, md, xml, dre, jpg, jpeg, png, gif, css, js, html, json, mp3, svg, woff, ttf, eot, webm, mp4, and woff2
[error] [2025-04-15T14:01:29.934Z] : × Below file formats are not allowed in Sigma
[info] [2025-04-15T14:01:29.936Z] :  ==> app\._Images
[info] [2025-04-15T14:01:29.937Z] :  ==> app\._translations
[info] [2025-04-15T14:01:29.940Z] :  ==> app\13Apr_backup.php
[info] [2025-04-15T14:01:29.986Z] : Note - File formats that can be packed are: txt, md, xml, dre, jpg, jpeg, png, gif, css, js, html, json, mp3, svg, woff, ttf, eot, webm, mp4, and woff2
[error] [2025-04-15T14:04:04.614Z] : × Below file formats are not allowed in Sigma
[info] [2025-04-15T14:04:04.619Z] :  ==> app\._Images
[info] [2025-04-15T14:04:04.620Z] :  ==> app\._translations
[info] [2025-04-15T14:04:04.621Z] :  ==> app\13Apr_backup.php
[info] [2025-04-15T14:04:04.623Z] : Note - File formats that can be packed are: txt, md, xml, dre, jpg, jpeg, png, gif, css, js, html, json, mp3, svg, woff, ttf, eot, webm, mp4, and woff2
[error] [2025-04-15T14:04:04.637Z] : × Below file formats are not allowed in Sigma
[info] [2025-04-15T14:04:04.639Z] :  ==> app\._Images
[info] [2025-04-15T14:04:04.640Z] :  ==> app\._translations
[info] [2025-04-15T14:04:04.641Z] :  ==> app\13Apr_backup.php
[info] [2025-04-15T14:04:04.643Z] : Note - File formats that can be packed are: txt, md, xml, dre, jpg, jpeg, png, gif, css, js, html, json, mp3, svg, woff, ttf, eot, webm, mp4, and woff2
[error] [2025-04-15T14:06:23.070Z] : × Below file formats are not allowed in Sigma
[info] [2025-04-15T14:06:23.073Z] :  ==> app\._Images
[info] [2025-04-15T14:06:23.074Z] :  ==> app\._translations
[info] [2025-04-15T14:06:23.074Z] :  ==> app\13Apr_backup.php
[info] [2025-04-15T14:06:23.075Z] : Note - File formats that can be packed are: txt, md, xml, dre, jpg, jpeg, png, gif, css, js, html, json, mp3, svg, woff, ttf, eot, webm, mp4, and woff2
[error] [2025-04-15T14:06:23.081Z] : × Below file formats are not allowed in Sigma
[info] [2025-04-15T14:06:23.083Z] :  ==> app\._Images
[info] [2025-04-15T14:06:23.085Z] :  ==> app\._translations
[info] [2025-04-15T14:06:23.086Z] :  ==> app\13Apr_backup.php
[info] [2025-04-15T14:06:23.087Z] : Note - File formats that can be packed are: txt, md, xml, dre, jpg, jpeg, png, gif, css, js, html, json, mp3, svg, woff, ttf, eot, webm, mp4, and woff2
[error] [2025-04-15T14:19:23.596Z] : × Below file formats are not allowed in Sigma
[info] [2025-04-15T14:19:23.614Z] :  ==> app\._Images
[info] [2025-04-15T14:19:23.615Z] :  ==> app\._translations
[info] [2025-04-15T14:19:23.616Z] :  ==> app\13Apr_backup.php
[info] [2025-04-15T14:19:23.616Z] : Note - File formats that can be packed are: txt, md, xml, dre, jpg, jpeg, png, gif, css, js, html, json, mp3, svg, woff, ttf, eot, webm, mp4, and woff2
[error] [2025-04-15T14:19:23.624Z] : × Below file formats are not allowed in Sigma
[info] [2025-04-15T14:19:23.625Z] :  ==> app\._Images
[info] [2025-04-15T14:19:23.626Z] :  ==> app\._translations
[info] [2025-04-15T14:19:23.627Z] :  ==> app\13Apr_backup.php
[info] [2025-04-15T14:19:23.628Z] : Note - File formats that can be packed are: txt, md, xml, dre, jpg, jpeg, png, gif, css, js, html, json, mp3, svg, woff, ttf, eot, webm, mp4, and woff2
[error] [2025-04-15T14:27:03.227Z] : × Below file formats are not allowed in Sigma
[info] [2025-04-15T14:27:03.232Z] :  ==> app\._Images
[info] [2025-04-15T14:27:03.233Z] :  ==> app\._translations
[info] [2025-04-15T14:27:03.234Z] :  ==> app\13Apr_backup.php
[info] [2025-04-15T14:27:03.235Z] : Note - File formats that can be packed are: txt, md, xml, dre, jpg, jpeg, png, gif, css, js, html, json, mp3, svg, woff, ttf, eot, webm, mp4, and woff2
[error] [2025-04-15T14:27:03.243Z] : × Below file formats are not allowed in Sigma
[info] [2025-04-15T14:27:03.244Z] :  ==> app\._Images
[info] [2025-04-15T14:27:03.245Z] :  ==> app\._translations
[info] [2025-04-15T14:27:03.247Z] :  ==> app\13Apr_backup.php
[info] [2025-04-15T14:27:03.248Z] : Note - File formats that can be packed are: txt, md, xml, dre, jpg, jpeg, png, gif, css, js, html, json, mp3, svg, woff, ttf, eot, webm, mp4, and woff2
[error] [2025-04-15T15:04:20.666Z] : × Below file formats are not allowed in Sigma
[info] [2025-04-15T15:04:20.674Z] :  ==> app\._Images
[info] [2025-04-15T15:04:20.675Z] :  ==> app\._translations
[info] [2025-04-15T15:04:20.676Z] :  ==> app\13Apr_backup.php
[info] [2025-04-15T15:04:20.677Z] : Note - File formats that can be packed are: txt, md, xml, dre, jpg, jpeg, png, gif, css, js, html, json, mp3, svg, woff, ttf, eot, webm, mp4, and woff2
[error] [2025-04-15T15:04:20.685Z] : × Below file formats are not allowed in Sigma
[info] [2025-04-15T15:04:20.686Z] :  ==> app\._Images
[info] [2025-04-15T15:04:20.687Z] :  ==> app\._translations
[info] [2025-04-15T15:04:20.688Z] :  ==> app\13Apr_backup.php
[info] [2025-04-15T15:04:20.689Z] : Note - File formats that can be packed are: txt, md, xml, dre, jpg, jpeg, png, gif, css, js, html, json, mp3, svg, woff, ttf, eot, webm, mp4, and woff2
[error] [2025-04-16T07:38:05.208Z] : × Below file formats are not allowed in Sigma
[info] [2025-04-16T07:38:05.213Z] :  ==> app\._Images
[info] [2025-04-16T07:38:05.214Z] :  ==> app\._translations
[info] [2025-04-16T07:38:05.215Z] :  ==> app\13Apr_backup.php
[info] [2025-04-16T07:38:05.216Z] : Note - File formats that can be packed are: txt, md, xml, dre, jpg, jpeg, png, gif, css, js, html, json, mp3, svg, woff, ttf, eot, webm, mp4, and woff2
[error] [2025-04-16T07:38:05.225Z] : × Below file formats are not allowed in Sigma
[info] [2025-04-16T07:38:05.226Z] :  ==> app\._Images
[info] [2025-04-16T07:38:05.227Z] :  ==> app\._translations
[info] [2025-04-16T07:38:05.228Z] :  ==> app\13Apr_backup.php
[info] [2025-04-16T07:38:05.230Z] : Note - File formats that can be packed are: txt, md, xml, dre, jpg, jpeg, png, gif, css, js, html, json, mp3, svg, woff, ttf, eot, webm, mp4, and woff2
[error] [2025-04-16T08:02:03.112Z] : × Below file formats are not allowed in Sigma
[info] [2025-04-16T08:02:03.115Z] :  ==> app\._Images
[info] [2025-04-16T08:02:03.116Z] :  ==> app\._translations
[info] [2025-04-16T08:02:03.116Z] :  ==> app\13Apr_backup.php
[info] [2025-04-16T08:02:03.117Z] : Note - File formats that can be packed are: txt, md, xml, dre, jpg, jpeg, png, gif, css, js, html, json, mp3, svg, woff, ttf, eot, webm, mp4, and woff2
[error] [2025-04-16T08:02:03.123Z] : × Below file formats are not allowed in Sigma
[info] [2025-04-16T08:02:03.124Z] :  ==> app\._Images
[info] [2025-04-16T08:02:03.125Z] :  ==> app\._translations
[info] [2025-04-16T08:02:03.126Z] :  ==> app\13Apr_backup.php
[info] [2025-04-16T08:02:03.126Z] : Note - File formats that can be packed are: txt, md, xml, dre, jpg, jpeg, png, gif, css, js, html, json, mp3, svg, woff, ttf, eot, webm, mp4, and woff2
[error] [2025-04-16T08:17:45.991Z] : × Below file formats are not allowed in Sigma
[info] [2025-04-16T08:17:46.002Z] :  ==> app\._Images
[info] [2025-04-16T08:17:46.003Z] :  ==> app\._translations
[info] [2025-04-16T08:17:46.004Z] :  ==> app\13Apr_backup.php
[info] [2025-04-16T08:17:46.004Z] : Note - File formats that can be packed are: txt, md, xml, dre, jpg, jpeg, png, gif, css, js, html, json, mp3, svg, woff, ttf, eot, webm, mp4, and woff2
[error] [2025-04-16T08:19:27.699Z] : × Below file formats are not allowed in Sigma
[info] [2025-04-16T08:19:27.703Z] :  ==> app\._Images
[info] [2025-04-16T08:19:27.703Z] :  ==> app\._translations
[info] [2025-04-16T08:19:27.704Z] :  ==> app\13Apr_backup.php
[info] [2025-04-16T08:19:27.705Z] : Note - File formats that can be packed are: txt, md, xml, dre, jpg, jpeg, png, gif, css, js, html, json, mp3, svg, woff, ttf, eot, webm, mp4, and woff2
[error] [2025-04-16T08:22:21.533Z] : × Below file formats are not allowed in Sigma
[info] [2025-04-16T08:22:21.537Z] :  ==> app\13Apr_backup.php
[info] [2025-04-16T08:22:21.538Z] : Note - File formats that can be packed are: txt, md, xml, dre, jpg, jpeg, png, gif, css, js, html, json, mp3, svg, woff, ttf, eot, webm, mp4, and woff2
